facility_id,name,source_type,address,lat,lng
mmg_2561,CGV,myeongmunga_facility,,,
mmg_2049,건양사이버대학교,myeongmunga_facility,대전광역시서구관저동로 158(관저동),36.307796,127.342648
mmg_2193,군 복지시설_마트,myeongmunga_facility,"서울특별시영등포구여의대방로49길 3(신길동, 대방 (영외)마트)",,
mmg_2191,군 복지시설_체력단련장,myeongmunga_facility,"서울특별시노원구화랑로 682(공릉동, 태릉체력단련장)",,
mmg_2192,군 복지시설_휴양시설,myeongmunga_facility,"제주특별자치도서귀포시상예로 319(상예동, 서귀포 호텔)",,
mmg_3988,밀리패스,myeongmunga_facility,,,
mmg_3203,부산디지털대학교,myeongmunga_facility,부산광역시사상구주례로 57(주례동),,
mmg_2685,전국안경사협동조합_서울관내 58개 안경원,myeongmunga_facility,"대전광역시중구동서대로 1217(태평동, 3층)",,
mmg_3817,KMI한국의학연구소 강남검진센터,myeongmunga_facility,"서울특별시강남구테헤란로 411(삼성동, 성담빌딩 2~8층, 10층)",,
mmg_3815,KMI한국의학연구소 광화문검진센터,myeongmunga_facility,"서울특별시종로구세종대로 149(세종로, 광화문빌딩 B1층, 3층, 4층)",,
mmg_3816,KMI한국의학연구소 여의도검진센터,myeongmunga_facility,"서울특별시영등포구국제금융로2길 24(여의도동, BNK금융타워 13, 14, 15, 17, 18층)",,
mmg_3999,가우디치과,myeongmunga_facility,"서울특별시강남구테헤란로 520(대치동, 삼안빌딩 4층)",,
mmg_3841,더원서울안과,myeongmunga_facility,"서울특별시강남구강남대로 652(신사동, 신사스퀘어 8,9층)",,
mmg_3998,미켈란치과,myeongmunga_facility,"서울특별시강남구강남대로 382(역삼동, 메리츠타워 B1층)",,
mmg_3983,보라매자생한방병원,myeongmunga_facility,"서울특별시동작구여의대방로 134(대방동, 보라매 빌딩)",,
mmg_4111,서울센트럴병원,myeongmunga_facility,"서울특별시관악구남부순환로 18143, 4, 8, 9층층 (봉천동)",,
mmg_3544,아르코예술극장,myeongmunga_facility,서울특별시종로구대학로 8- 7(효제동),37.581258,124.002864
mmg_4000,클리어서울안과,myeongmunga_facility,"서울특별시서초구서초대로77길 17(서초동, 6층)",,
mmg_4009,퍼스트성모안과,myeongmunga_facility,"서울특별시노원구동일로 14058층 (상계동, KB금융 노원플라자)",,
mmg_4094,(주)기장사람들,myeongmunga_facility,부산광역시기장군일광읍일광로 747- 2(일광읍문동리),35.3084415,129.2583713
mmg_4042,365드림치과병원,myeongmunga_facility,"부산광역시수영구연수로 408(광안동, 8~12층)",35.168094,129.1135963
mmg_2412,BHS동래한서요양병원,myeongmunga_facility,부산광역시금정구중앙대로 1721(부곡동),35.238359,129.091577
mmg_2411,BHS한서병원,myeongmunga_facility,부산광역시수영구수영로 615(광안동),35.160993,129.113248
mmg_3820,KMI한국의학연구소 부산검진센터,myeongmunga_facility,"부산광역시동구조방로 14(범일동, 동일타워 5층)",,
mmg_2013,WS치과병원,myeongmunga_facility,"부산광역시해운대구좌동순환로 6(중동, 엘타워 5층, 6층)",35.16745,129.16813
mmg_1034,강동병원,myeongmunga_facility,부산광역시사하구다대로 145(신평동),35.089607,128.978181
mmg_2971,강한의원,myeongmunga_facility,부산광역시사상구가야대로282번길 82층 (주례동),35.149974,129.00298
mmg_3978,거인병원,myeongmunga_facility,부산광역시동래구여고로 12(사직동),35.1946551,129.0653839
mmg_4092,고스락,myeongmunga_facility,부산광역시기장군장안읍해맞이로 286(장안읍월내리),35.3223106,129.2696854
mmg_1064,고신대복음병원,myeongmunga_facility,부산광역시서구감천로 262(암남동),35.080508,129.015853
mmg_2026,교보문고 부산점,myeongmunga_facility,부산광역시부산진구중앙대로 658(부전동),35.15153,129.059588
mmg_2491,교보문고 센텀시티점,myeongmunga_facility,"부산광역시해운대구센텀남대로 59(우동, 롯데백화점 센텀시티점7층)",35.169865,129.131202
mmg_2492,교보문고 울산점,myeongmunga_facility,"울산광역시남구화합로 185(삼산동, 울산점)",35.541562,129.338647
mmg_2408,구포성심병원,myeongmunga_facility,부산광역시북구낙동대로 1786(구포동),35.209814,129.004566
mmg_3814,국립부산과학관,myeongmunga_facility,"부산광역시기장군기장읍동부산관광6로 59(기장읍석산리, 국립부산과학관)",35.2046875,129.212689
mmg_1090,국립부산국악원,myeongmunga_facility,부산광역시부산진구국악로 2(연지동),35.171333,129.05431
mmg_3143,굿모닝 성모안과,myeongmunga_facility,부산광역시부산진구중앙대로743번길 (부전동),35.1584691,129.0589834
mmg_2107,굿모닝백이안과,myeongmunga_facility,부산광역시부산진구중앙대로 724(부전동),35.15722,129.059971
mmg_3133,금정구 테니스장,myeongmunga_facility,부산광역시금정구체육공원로447번길 100- 0(두구동),35.285715,129.105294
mmg_3134,금정구민운동장,myeongmunga_facility,,,
mmg_3130,금정구민체육관,myeongmunga_facility,부산광역시금정구체육공원로 35(구서동),35.248052,129.09889
mmg_3131,금정국민체육센터,myeongmunga_facility,부산광역시금정구서부로 109(부곡동),35.21952,129.096222
mmg_4031,김명장,myeongmunga_facility,,35.1403125,129.1077238
mmg_3616,꽃단비한의원,myeongmunga_facility,"울산광역시남구돋질로302번길 272층 (삼산동, 화동빌딩)",35.5416833,129.337607
mmg_2730,달음산자연휴양림,myeongmunga_facility,부산광역시기장군일광면화용길 299- 106(일광면용천리),35.3015837,129.185463
mmg_4084,대연건치과의원,myeongmunga_facility,부산광역시남구못골로12번길 354층 (대연동),35.1355046,129.0857497
mmg_2109,대한안과의사회 부산신세계안과,myeongmunga_facility,부산광역시부산진구가야대로 783- 1(부전동),35.157961,129.057409
mmg_2108,대한안과의사회 성모안과병원,myeongmunga_facility,부산광역시해운대구해운대로 409(우동),35.167491,129.140791
mmg_3275,대한안과의사회 아이윤병원,myeongmunga_facility,울산광역시중구번영로 371(학산동),35.558352,129.326833
mmg_1173,대한안과의사회(굿모닝안과),myeongmunga_facility,울산광역시남구삼산로 2546층 (삼산동),35.538795,129.336274
mmg_1175,대한안과의사회(누네빛안과),myeongmunga_facility,부산광역시부산진구가야대로 772(부전동),35.156766,129.05587
mmg_1205,대한안과의사회(센텀밝은빛안과),myeongmunga_facility,부산광역시해운대구센텀2로 20(우동),35.167207,129.132065
mmg_1217,대한안과의사회(아이시티안과),myeongmunga_facility,부산광역시부산진구중앙대로 686(부전동),35.154033,129.059489
mmg_1232,대한안과의사회(울산 밝은안과),myeongmunga_facility,울산광역시남구삼산로 274(삼산동),35.538947,129.337141
mmg_2882,대한안과의사회（센텀소중한눈안과）,myeongmunga_facility,부산광역시해운대구센텀남대로 50(우동),35.168113,129.131276
mmg_4110,더엘리트 PT 연산양정점,myeongmunga_facility,,35.1732512,129.0726916
mmg_2780,동래구 공영주차장,myeongmunga_facility,부산광역시동래구온천천로359번길 70(낙민동),,
mmg_2163,동의과학대학교 디지털평생학습원,myeongmunga_facility,부산광역시부산진구양지로 54(양정동),35.165917,129.072584
mmg_3792,롯데리아 부산망미점,myeongmunga_facility,부산광역시수영구연수로 2781층 (망미동),35.1728861,129.1012606
mmg_3575,매일여는한의원,myeongmunga_facility,"울산광역시북구화산로 109(송정동, 3층)",35.6017318,129.3653536
mmg_4074,모모의원 부산점,myeongmunga_facility,부산광역시부산진구범일로 17711-12층 (범천동),35.1458184,129.0589248
mmg_1308,밝은눈안과(부산서면점),myeongmunga_facility,"부산광역시부산진구가야대로 729(부암동, 밝은눈안과병원1~8층)",35.158181,129.051349
mmg_1310,밝은성모안과,myeongmunga_facility,부산광역시부산진구중앙대로 723(부전동),35.157202,129.058533
mmg_3682,부산관광공사 낙동강생태탐방선,myeongmunga_facility,부산광역시사하구낙동남로1233번길 34- 0(하단동),35.109748,128.9491877
mmg_3681,부산관광공사 부산시티투어버스,myeongmunga_facility,부산광역시동구중앙대로 192(초량동),35.1145037,129.0403478
mmg_3680,부산관광공사 태종대유원지 다누비열차,myeongmunga_facility,부산광역시영도구전망로 24(동삼동),35.0595379,129.0800318
mmg_2999,부산광역시 강서구 공영주차장,myeongmunga_facility,부산광역시강서구낙동북로 477(대저1동),,
mmg_2828,부산광역시 공영주차장,myeongmunga_facility,부산광역시부산진구새싹로 174(연지동),,
mmg_2998,부산광역시 금정구 공영주차장,myeongmunga_facility,부산광역시금정구중앙대로 1777(부곡동),35.247666,129.101895
mmg_3996,부산광역시 금정구 보건소,myeongmunga_facility,부산광역시금정구중앙대로 1777(부곡동),35.2420475,129.0924716
mmg_3001,부산광역시 기장군 공영주차장,myeongmunga_facility,부산광역시기장군기장읍기장대로 560(기장읍신천리),,
mmg_2992,부산광역시 남구 공영주차장,myeongmunga_facility,부산광역시남구못골로 19(대연동),,
mmg_2990,부산광역시 동구 공영주차장,myeongmunga_facility,부산광역시동구구청로 1(수정동),,
mmg_2995,부산광역시 부산진구 공영주차장,myeongmunga_facility,부산광역시부산진구가야공원로 72- 0(가야동),,
mmg_2993,부산광역시 북구 공영주차장,myeongmunga_facility,부산광역시북구낙동대로1570번길 33(구포동),,
mmg_3000,부산광역시 사상구 공영주차장,myeongmunga_facility,부산광역시사상구학감대로 242(감전동),,
mmg_2997,부산광역시 사하구 공영주차장,myeongmunga_facility,부산광역시사하구낙동대로398번길 12(당리동),,
mmg_2991,부산광역시 서구 공영주차장,myeongmunga_facility,부산광역시서구구덕로 120(토성동4가),,
mmg_3547,부산광역시 서핑협회,myeongmunga_facility,"부산광역시해운대구선수촌로 107(반여동, 6층)",35.2034646,129.1194379
mmg_2996,부산광역시 수영구 공영주차장,myeongmunga_facility,부산광역시수영구남천동로 100(남천동),,
mmg_3576,부산광역시 영도구 공영주차장,myeongmunga_facility,부산광역시영도구태종로 423(청학동),,
mmg_2994,부산광역시 중구 공영주차장,myeongmunga_facility,부산광역시중구중구로 120(대청동1가),,
mmg_3163,부산미남병원,myeongmunga_facility,"부산광역시동래구아시아드대로 213(온천동, 부산미남병원)",35.2032835,129.0662386
mmg_1325,부산보훈병원,myeongmunga_facility,부산광역시사상구백양대로 420(주례동),35.153363,129.006977
mmg_2061,부산아쿠아리움,myeongmunga_facility,부산광역시해운대구해운대해변로 266(중동),35.159271,129.161004
mmg_1327,부산은행,myeongmunga_facility,부산광역시남구문현금융로 30(문현동),35.145384,129.065782
mmg_2770,부산진구 생활문화센터,myeongmunga_facility,부산광역시부산진구시민공원로 30(부암동),35.1679306,129.0365086
mmg_2771,부산진구 어린이·청소년도서관,myeongmunga_facility,부산광역시부산진구시민공원로 30(부암동),35.1679306,129.0365086
mmg_2772,부산진구 체육시설,myeongmunga_facility,부산광역시부산진구시민공원로 30(부암동),35.1679306,129.0365086
mmg_4039,삼성아이준안과,myeongmunga_facility,"부산광역시연제구중앙천로 934층 (연산동, 아람메디컬빌딩)",35.18156,129.078488
mmg_4089,삼진어묵 부산역광장점,myeongmunga_facility,부산광역시동구중앙대로214번길 7(초량동),35.1161924,129.0413676
mmg_4090,삼진어묵 부산역라마다점,myeongmunga_facility,부산광역시동구중앙대로196번길 10(초량동),1,2
mmg_4091,삼진어묵 영도본,myeongmunga_facility,부산광역시영도구태종로99번길 36(봉래동2가),35.092964,129.042794
mmg_4109,서면좋은사람안과의원,myeongmunga_facility,"부산광역시부산진구서면문화로 10- 0(부전동, 영광도서빌딩15~16층)",35.1588116,129.0577389
mmg_4102,서면좋은사람안과의원,myeongmunga_facility,부산광역시부산진구서면문화로 10- 015~16층 (부전동),,
mmg_3132,선동잔디구장,myeongmunga_facility,,,
mmg_2987,세방한의원,myeongmunga_facility,"부산광역시수영구연수로 4152층 (수영동, 세방메디컬)",35.167999,129.114498
mmg_3624,세화당한의원,myeongmunga_facility,부산광역시동구중앙대로221번길 8(초량동),35.1170995,129.040077
mmg_2837,센텀뉴욕치과,myeongmunga_facility,"부산광역시해운대구센텀남대로 504층 (우동, 센텀임페리얼타워)",35.16826,129.13133
mmg_3154,수영센텀치과,myeongmunga_facility,"부산광역시수영구수영로 685(광안동, 영동빌딩 1~2층)",35.1667479,129.1147844
mmg_2734,신불산폭포자연휴양림,myeongmunga_facility,울산광역시울주군상북면청수골길 175(상북면이천리),35.525864,129.022889
mmg_4106,아이홀릭네일,myeongmunga_facility,"부산광역시수영구광안로7번길 17107호(광안동, 세종엠스테이3차 상가)",35.1579044,129.1137696
mmg_4112,언양불고기 원조집,myeongmunga_facility,부산광역시수영구남천동로108번길 14- 2층(남천동),35.1460621,129.1123936
mmg_2879,연산당당한방병원,myeongmunga_facility,부산광역시연제구월드컵대로 82(연산동),35.18178,129.08385
mmg_2777,연제구 공영주차장,myeongmunga_facility,부산광역시연제구연제로 2(연산동),,
mmg_3135,오륜동 인조 잔디구장,myeongmunga_facility,,,
mmg_3136,오륜동 풋살장,myeongmunga_facility,,,
mmg_3715,우리바른치과의원,myeongmunga_facility,"부산광역시해운대구양운로 110, 2층 (좌동)",35.1726704,129.1740014
mmg_2775,울산 남구 공영주차장,myeongmunga_facility,울산광역시남구돋질로 233(달동),,
mmg_2494,울산동강병원,myeongmunga_facility,울산광역시중구태화로 239(태화동),35.553599,129.302136
mmg_2779,울산시 체육시설,myeongmunga_facility,울산광역시남구중앙로 201(신정동),,
mmg_1470,울산자생한방병원,myeongmunga_facility,울산광역시남구삼산로 51(신정동),35.5341,129.313387
mmg_2778,울산중구 공영주차장,myeongmunga_facility,울산광역시중구단장골길 1(복산동),,
mmg_4093,웨이브온 커피,myeongmunga_facility,부산광역시기장군장안읍해맞이로 286(장안읍월내리),35.3622311,129.2696854
mmg_2512,웰니스병원,myeongmunga_facility,부산광역시연제구반송로 52(연산동),35.189053,129.085896
mmg_1479,위클리피플(주간인물),myeongmunga_facility,부산광역시부산진구중앙대로 754(부전동),35.159539,129.060891
mmg_3987,이샘병원,myeongmunga_facility,부산광역시부산진구황령대로 12(범천동),35.1476675,129.0611104
mmg_3193,인제대학교부산백병원,myeongmunga_facility,부산광역시부산진구복지로 75(개금동),35.1461397,129.0208659
mmg_4083,자연에한의원,myeongmunga_facility,부산광역시연제구월드컵대로 1412층 (연산동),35.186155,129.080664
mmg_3635,정도한의원,myeongmunga_facility,부산광역시기장군정관읍정관로 5653층 (정관읍매학리),35.321824,129.1759571
mmg_3632,제일한의원,myeongmunga_facility,울산광역시남구팔등로 86(신정동),35.5459261,129.3158906
mmg_1589,춘해병원,myeongmunga_facility,부산광역시부산진구중앙대로 605(범천동),35.146891,129.058338
mmg_3530,팬스타라인닷컴,myeongmunga_facility,"부산광역시동구충장대로 206(초량동, 부산항국제여객터미널)",35.117782,129.047083
mmg_1622,하늘안과,myeongmunga_facility,"부산광역시부산진구중앙대로 736(부전동, 5층)",35.15825,129.059961
mmg_2171,한국건강관리협회 부산지부,myeongmunga_facility,부산광역시동래구충렬대로 145(온천동),35.205302,129.076585
mmg_2776,해운대구 공영주차장,myeongmunga_facility,부산광역시해운대구중동2로 11(중동),,
mmg_1659,해운대자생한방병원,myeongmunga_facility,부산광역시해운대구해운대로 793(좌동),35.169585,129.175244
mmg_3887,(주)해커스어학원 / 대구동성로캠퍼스,myeongmunga_facility,"대구광역시중구중앙대로 391,4,5층 (동성로3가)",35.868091,128.593412
mmg_1010,E-world(구 우방랜드),myeongmunga_facility,대구광역시달서구두류공원로 200(두류동),35.854025,128.563417
mmg_3819,KMI한국의학연구소 대구검진센터,myeongmunga_facility,"대구광역시중구중앙대로66길 20(남산동, 탑마트 B1~1층)",,
mmg_4099,KSI연수원,myeongmunga_facility,"경상북도안동시도산면퇴계로 1997(도산면서부리, KSI연수원)",36.704299,128.8098
mmg_2892,V라이프영상의학과건강검진센터,myeongmunga_facility,"대구광역시중구공평로10길 182~3층 (삼덕동2가, 브이스퀘어)",35.8682,128.6007
mmg_2891,V성형외과피부과,myeongmunga_facility,"대구광역시중구공평로10길 184~7층 (삼덕동2가, 브이스퀘어)",35.8682,128.6007
mmg_2167,㈜AFW,myeongmunga_facility,경상북도칠곡군왜관읍공단로5길 32- 32(왜관읍금산리),35.963558,128.41379
mmg_2168,㈜한성브라보,myeongmunga_facility,경상북도칠곡군왜관읍공단로13길 45(왜관읍금산리),35.961143,128.41374
mmg_3612,건강장수한의원,myeongmunga_facility,대구광역시북구팔달로 1592층 (노원동3가),35.8892712,128.5675473
mmg_1054,검마산휴양림,myeongmunga_facility,경상북도영양군수비면검마산길 191(수비면신원리),36.748127,129.23721
mmg_3181,경북대학교병원,myeongmunga_facility,"대구광역시중구동덕로 130(삼덕동2가, 경북대학교병원)",35.86649,128.6047
mmg_2409,경일대학교,myeongmunga_facility,"경상북도경산시하양읍가마실길 50(하양읍부호리, 경일대학교)",35.90813,128.8013
mmg_3875,경일직업능력개발학원,myeongmunga_facility,"대구광역시서구국채보상로 371,3층 (비산동)",35.872522,128.571815
mmg_3772,경주 오릉,myeongmunga_facility,,35.823605,129.208826
mmg_3763,경주국민체육센터,myeongmunga_facility,경상북도경주시유림로5번길 85- 15(황성동),35.879124,129.217288
mmg_3759,경주동궁원,myeongmunga_facility,경상북도경주시보문로 74- 14(북군동),35.850166,129.262941
mmg_3762,경주시 공영주차장,myeongmunga_facility,경상북도경주시충효천길 208- 3(충효동),35.846473,129.176793
mmg_3765,경주시 토함산 자연휴양림,myeongmunga_facility,경상북도경주시문무대왕면불국로 1208- 45(문무대왕면장항리),35.758282,129.366559
mmg_3204,경주월드,myeongmunga_facility,경상북도경주시보문로 544(천군동),35.838072,129.282051
mmg_3550,고기굽는남자(포항 이동점),myeongmunga_facility,경상북도포항시 남구대이로159번길 12(이동),36.029,129.3379
mmg_3549,고기굽는남자(포항 효자점),myeongmunga_facility,경상북도포항시 남구형산강북로 87(효자동),36.0049,129.3364
mmg_3629,고려에이치한방병원,myeongmunga_facility,대구광역시수성구동대구로 315~8층 (두산동),35.8331355,128.6228833
mmg_3669,골안골 도시형 캠핑장,myeongmunga_facility,,35.8314,128.5678
mmg_1074,곽병원(운경의료재단),myeongmunga_facility,대구광역시중구국채보상로 531(수동),35.870715,128.588735
mmg_3508,구미시 강동문화복지회관,myeongmunga_facility,경상북도구미시인동가산로 392(구평동),36.0909,128.4547
mmg_3509,구미시 근로자종합복지관,myeongmunga_facility,경상북도구미시산호대로 239(공단동),36.1053,128.3842
mmg_3510,구미시 낙동강 파크골프장,myeongmunga_facility,경상북도구미시송정대로 55(송정동),36.1197,128.3444
mmg_3511,구미시 농업기계 임대,myeongmunga_facility,경상북도구미시송정대로 55(송정동),36.1197,128.3444
mmg_3513,구미시 박정희대통령 역사자료관,myeongmunga_facility,경상북도구미시박정희로 123- 0(상모동),36.0909,128.3489
mmg_3514,구미시 신라불교초전지,myeongmunga_facility,경상북도구미시도개면도개다곡길 (도개면도개리),36.2904,128.3633
mmg_3515,구미시 올림픽기념국민생활관,myeongmunga_facility,경상북도구미시산책길 63(원평동),36.1235,128.3287
mmg_3516,구미시 자연휴양림,myeongmunga_facility,경상북도구미시송정대로 55(송정동),36.1197,128.3444
mmg_3517,구미시 주민자치센터,myeongmunga_facility,경상북도구미시송정대로 55(송정동),36.1197,128.3444
mmg_3518,구미시 주차장,myeongmunga_facility,경상북도구미시송정대로 55(송정동),36.1197,128.3444
mmg_3668,구미시 체육시설,myeongmunga_facility,경상북도구미시송정대로 55(송정동),36.1197,128.3444
mmg_3512,구미시문화예술회관,myeongmunga_facility,경상북도구미시송정대로 89(송정동),36.1184,128.3489
mmg_3533,구미에코랜드,myeongmunga_facility,경상북도구미시산동읍인덕1길 195(산동읍인덕리),36.177,128.4662
mmg_3519,구미영상미디어센터,myeongmunga_facility,경상북도구미시산책길 63- 0(원평동),36.1235,128.3287
mmg_1088,구미차병원,myeongmunga_facility,경상북도구미시신시로10길 12(형곡동),36.114752,128.340738
mmg_3520,구미캠핑장,myeongmunga_facility,경상북도구미시낙동제방길 200- 0(양호동),36.1336,128.371
mmg_3180,국립대구과학관,myeongmunga_facility,"대구광역시달성군유가읍테크노대로6길 20(유가읍상리, 국립대구과학관)",35.68681,128.4653
mmg_3142,국립대구기상과학관,myeongmunga_facility,대구광역시동구효동로2길 10(효목동),35.8785,128.6527
mmg_2729,국립백두대간수목원,myeongmunga_facility,경상북도봉화군춘양면춘양로 1501(춘양면서벽리),37.0083295,128.8300834
mmg_1097,근로복지공단 대구병원,myeongmunga_facility,대구광역시북구학정로 515(학정동),35.95066,128.564597
mmg_3989,금관총,myeongmunga_facility,경상북도경주시봉황로 15(노서동),35.841823,129.2095
mmg_3691,금조한의원,myeongmunga_facility,대구광역시달서구상화북로 1012층 (상인동),35.8119172,128.5375925
mmg_3623,김동렬한의원,myeongmunga_facility,경상북도경주시안강읍안강중앙로 206(안강읍양월리),35.8413264,128.7045602
mmg_3617,김동윤한의원,myeongmunga_facility,대구광역시남구이천로28길 73(이천동),35.8548736,128.6020323
mmg_3771,김유신 장군묘,myeongmunga_facility,경상북도경주시충효2길 44- 7(충효동),35.848604,129.188557
mmg_3695,김종봉한의원,myeongmunga_facility,대구광역시달서구성서로 436(이곡동),35.8563804,128.5076206
mmg_3213,김천녹색미래과학관,myeongmunga_facility,경상북도김천시혁신6로 31(율곡동),36.12624,128.1846
mmg_3214,김천시 감문역사문화전시관,myeongmunga_facility,경상북도김천시개령면광한1길 520(개령면동부리),36.17395,128.2005
mmg_3216,김천시 문화예술회관,myeongmunga_facility,경상북도김천시운동장길 3(삼락동),36.13844,128.0887
mmg_3217,김천시 부항댐 생태휴양펜션,myeongmunga_facility,경상북도김천시부항면부항댐길 777(부항면지좌리),35.97307,127.981
mmg_3218,김천시 사명대사공원,myeongmunga_facility,경상북도김천시대항면직지사길 130(대항면운수리),36.17395,128.2005
mmg_3219,김천시 시티투어,myeongmunga_facility,"경상북도김천시평화12길 25(평화동, B동 101호)",36.12485,128.1116
mmg_3220,김천시 전동관람차,myeongmunga_facility,경상북도김천시대항면직지사길 130(대항면운수리),35.85746,128.5913
mmg_3223,김천시 평생교육원,myeongmunga_facility,경상북도김천시공단2길 30- 22(대광동),36.144,128.1371
mmg_3221,김천시 화장장,myeongmunga_facility,경상북도김천시속구미3길 78(신음동),36.13514,128.1245
mmg_3215,김천시립박물관,myeongmunga_facility,경상북도김천시대항면직지사길 130(대항면운수리),36.11751,128.0079
mmg_3552,내가찾는사진관,myeongmunga_facility,"대구광역시달서구달구벌대로 1378(장기동, 2층)",35.8513,128.4974
mmg_3954,네트컴퓨터아카데미학원,myeongmunga_facility,"대구광역시달서구월배로 233,9층 (상인동)",35.819509,128.538782
mmg_3610,누가한의원,myeongmunga_facility,경상북도영천시완산로 60- 61층 (완산동),35.9654928,128.9394069
mmg_3667,달성군 달성화석박물관,myeongmunga_facility,대구광역시달성군유가읍테크노대로6길 66- 0(유가읍상리),35.6843,128.4622
mmg_3833,담음새 도예공방,myeongmunga_facility,대구광역시수성구만촌로 35(만촌동),35.862485,128.644324
mmg_3687,대경 한의원,myeongmunga_facility,대구광역시서구평리로 2482층 (내당동),35.8624852,128.5505934
mmg_3876,대구경북홈케어학원,myeongmunga_facility,"대구광역시동구율하동로10길 8,1층 (율하동)",35.862592,128.702507
mmg_3670,대구광역시 남구 주차장,myeongmunga_facility,대구광역시남구이천로 51- 0(봉덕동),35.8462,128.5974
mmg_3671,대구광역시 남구 체육시설,myeongmunga_facility,대구광역시남구이천로 51- 0(봉덕동),35.8462,128.5974
mmg_3672,대구광역시 중구 봉산문화회관,myeongmunga_facility,대구광역시중구봉산문화길 77(봉산동),35.8635,128.5966
mmg_3673,대구광역시 중구 주차장,myeongmunga_facility,대구광역시중구국채보상로139길 1(동인동2가),35.8692,128.606
mmg_3674,대구광역시 중구 체육시설,myeongmunga_facility,대구광역시중구국채보상로139길 1(동인동2가),35.8692,128.606
mmg_3714,대구국제사격장,myeongmunga_facility,대구광역시북구문주길 170(금호동),35.911296,128.524331
mmg_2609,대구동부여성문화회관,myeongmunga_facility,대구광역시동구신암북로11길 54- 2(신암동),35.890363,128.622203
mmg_3179,대구동산병원,myeongmunga_facility,대구광역시중구달성로 56(동산동),35.868895,128.583528
mmg_2072,대구미술관,myeongmunga_facility,대구광역시수성구미술관로 40(삼덕동),35.827626,128.67395
mmg_1126,대구보훈병원,myeongmunga_facility,대구광역시달서구월곡로 60(도원동),35.802899,128.551775
mmg_2076,대구승마힐링센터,myeongmunga_facility,대구광역시달서구앞산순환로 206(송현동),35.821698,128.554409
mmg_2014,대구시민프로축구단,myeongmunga_facility,"대구광역시북구고성로 191(고성동3가, DGB대구은행파크 2층 사무국, 11번출구)",35.82983,128.690203
mmg_2081,대구시설공단 공영주차장,myeongmunga_facility,대구광역시달서구상인서로 103- 5(상인동),35.8183,128.5399
mmg_2420,대구시티병원,myeongmunga_facility,대구광역시북구동북로 270(복현동),35.89351,128.6197
mmg_2178,대구실내빙상장,myeongmunga_facility,대구광역시북구고성로 191(고성동3가),35.882244,128.587381
mmg_2069,대구여성회관,myeongmunga_facility,대구광역시북구팔달로1길 26(노원동3가),35.894326,128.555037
mmg_1127,대구의료원,myeongmunga_facility,대구광역시서구평리로 157(중리동),35.859603,128.540592
mmg_2071,대구종합복지회관,myeongmunga_facility,대구광역시달서구성당로 187(성당동),35.850091,128.570306
mmg_3955,대구컴퓨터캐드회계학원,myeongmunga_facility,"대구광역시북구학남로17길 2,5층 (국우동)",35.944745,128.56989
mmg_3571,대구한의대 포항한방병원,myeongmunga_facility,"경상북도포항시 남구새천년대로 411(대잠동, 대구한의대 포항한방병원)",36.013707,129.343263
mmg_3570,대구한의대한방병원,myeongmunga_facility,"대구광역시수성구신천동로 136(상동, 대구한의대한방병원)",35.837522,128.60747
mmg_2075,대덕승마장,myeongmunga_facility,대구광역시달서구앞산순환로 206(송현동),35.821698,128.554409
mmg_3773,대릉원,myeongmunga_facility,,35.838441,129.21064
mmg_2731,대야산자연휴양림,myeongmunga_facility,경상북도문경시가은읍용추길 31- 35(가은읍완장리),36.66765,127.9718
mmg_3637,대평한의원,myeongmunga_facility,"대구광역시수성구달구벌대로 2570108호(만촌동, 수성아크로타워)",35.8584931,128.644118
mmg_1178,대한안과의사회(대구안과),myeongmunga_facility,"대구광역시남구월배로 468(대명동, 5층)",35.834698,128.555961
mmg_1179,대한안과의사회(대구한빛안과),myeongmunga_facility,"대구광역시중구달구벌대로 2109(덕산동, 현대빌딩 3층)",35.865679,128.594629
mmg_1229,대한안과의사회(우리눈안과),myeongmunga_facility,"경상북도포항시 남구중흥로 92(상도동, 2층)",36.013162,129.350876
mmg_1234,대한안과의사회(이노안과),myeongmunga_facility,대구광역시달서구월곡로 260(상인동),35.817782,128.539351
mmg_1244,대한안과의사회(진안과의원),myeongmunga_facility,"경상북도구미시구미중앙로 85(원평동, 금구빌딩 2층)",36.128873,128.332282
mmg_3277,대한안과의사회（AK안과）,myeongmunga_facility,대구광역시수성구동대구로 102(지산동),35.839283,128.624722
mmg_3280,대한안과의사회（누네안과병원）,myeongmunga_facility,"대구광역시중구달구벌대로 21793층 (삼덕동2가, 눈빌딩 2~7층)",35.859671,128.624846
mmg_3249,대한안과의사회（대구굿모닝안과）,myeongmunga_facility,"대구광역시중구중앙대로 359(남산동, 반월메디컬타워 4층)",35.860597,128.592795
mmg_3276,대한안과의사회（대구연세안과）,myeongmunga_facility,"대구광역시수성구수성로 206(상동, 4층)",35.844517,128.58939
mmg_3278,대한안과의사회（메트로 아이센터안과）,myeongmunga_facility,"대구광역시수성구달구벌대로 23607~12층층 (수성동3가, 메트로안과)",35.859179,128.620531
mmg_3289,대한안과의사회（센트럴안과）,myeongmunga_facility,"대구광역시동구동부로22길 2(신천동, 서한코보스카운티 2층)",35.87643,128.626775
mmg_3282,대한안과의사회（씨엘안과）,myeongmunga_facility,대구광역시중구달구벌대로 2105(덕산동),35.865778,128.594089
mmg_4050,도산서원,myeongmunga_facility,경상북도안동시도산면도산서원길 154(도산면토계리),36.4338,128.5016
mmg_3767,동궁과 월지,myeongmunga_facility,경상북도경주시원화로 102(인왕동),35.835017,129.226554
mmg_3982,동부허병원,myeongmunga_facility,대구광역시동구화랑로 81(효목동),35.8725,128.6357
mmg_3199,동산병원,myeongmunga_facility,"대구광역시달서구달구벌대로 1035(신당동, 계명대학교 동산병원)",35.854303,128.480536
mmg_3692,동흥한의원,myeongmunga_facility,경상북도안동시서동문로 251(신세동),36.5647998,128.7394396
mmg_2073,두류수영장,myeongmunga_facility,대구광역시달서구공원순환로 237(성당동),35.846628,128.562105
mmg_3956,로얄컴퓨터회계학원,myeongmunga_facility,"대구광역시달서구장기로 95,3층 (성당동)",35.843186,128.550084
mmg_4062,로이스덕영치과,myeongmunga_facility,대구광역시중구국채보상로 511(서문로2가),35.870805,128.586602
mmg_2257,리조트스파밸리,myeongmunga_facility,대구광역시달성군가창면가창로 891(가창면냉천리),35.788217,128.635406
mmg_4007,리틀포즈 반려동물장례식장,myeongmunga_facility,대구광역시군위군부계면부흥로 1181층 (부계면창평리),36.10619,128.67236
mmg_2079,명복공원,myeongmunga_facility,대구광역시수성구달구벌대로541길 47(고모동),35.857628,128.658901
mmg_2970,명품장례문화원,myeongmunga_facility,경상북도영주시반지미로 260- 0(가흥동),36.82368,128.59744
mmg_3770,무열왕릉,myeongmunga_facility,,35.825145,129.187585
mmg_3957,배움디자인회계캐드컴퓨터학원,myeongmunga_facility,"대구광역시북구동북로 275,2,3층 (복현동)",35.893578,128.620528
mmg_1321,보오구웨딩스튜디오,myeongmunga_facility,대구광역시중구달구벌대로 2095(덕산동),35.86645,128.5928
mmg_3636,봄빛한의원,myeongmunga_facility,대구광역시서구서대구로 179(평리동),35.8740204,128.5545946
mmg_3665,봉화군 주차장,myeongmunga_facility,"경상북도봉화군봉화읍봉화로 1111(봉화읍내성리, 봉화군청)",36.8933,128.7325
mmg_3664,봉화군 청소년센터,myeongmunga_facility,경상북도봉화군봉화읍내성로1길 17- 20(봉화읍내성리),36.8879,128.7393
mmg_3666,봉화군 체육시설,myeongmunga_facility,"경상북도봉화군봉화읍봉화로 1111(봉화읍내성리, 봉화군청)",36.8933,128.7325
mmg_3631,부민한의원,myeongmunga_facility,대구광역시동구아양로 70(신암동),35.8824609,128.6216426
mmg_3764,북경주체육문화센터,myeongmunga_facility,경상북도경주시안강읍구부랑두림길 59- 14(안강읍산대리),36.002651,129.191181
mmg_3608,비엠한방내과한의원,myeongmunga_facility,대구광역시수성구동대구로 337405호(범어동),35.8604997,128.6261137
mmg_3958,비트컴퓨터학원,myeongmunga_facility,"대구광역시북구학정로 415,504호(동천동, 메가타운)",35.941862,128.562977
mmg_3551,사랑애스튜디오,myeongmunga_facility,"대구광역시중구명덕로 157(남산동, 2층)",35.8569,128.5876
mmg_2251,상주성모병원,myeongmunga_facility,경상북도상주시냉림서성길 7(냉림동),36.42046,128.1598
mmg_2977,상주시 경상감영공원,myeongmunga_facility,경상북도상주시삼백로 323- 0(복룡동),36.4212,128.1797
mmg_2972,상주시 공영유료주차장,myeongmunga_facility,,36.4137,128.1599
mmg_2979,상주시 낙동강자전거이야기촌,myeongmunga_facility,경상북도상주시사벌국면국제승마장로 57(사벌국면삼덕리),36.4579,128.2402
mmg_2974,상주시 농기계임대사업,myeongmunga_facility,경상북도상주시발산로 71- 0(초산동),36.45471,128.1683
mmg_2980,상주시 보건소,myeongmunga_facility,경상북도상주시중앙로 111- 0(무양동),36.4196,128.1498
mmg_2983,상주시 생활체육공원,myeongmunga_facility,,36.4224,128.1837
mmg_2984,상주시 성주봉자연휴양림,myeongmunga_facility,,36.535,128.041
mmg_2985,상주시 수상레저센터,myeongmunga_facility,경상북도상주시용마로 366- 0(도남동),36.4492,128.2568
mmg_2975,상주시 승천원,myeongmunga_facility,경상북도상주시병성천2길 560- 0(병성동),36.4334,128.2348
mmg_2976,상주시 평생학습관,myeongmunga_facility,경상북도상주시성동새싹길 39- 0(성동동),36.4156,128.1692
mmg_2973,상주시노인종합복지관,myeongmunga_facility,경상북도상주시중앙로 111(무양동),36.4169,128.1501
mmg_2986,상주시민운동장,myeongmunga_facility,경상북도상주시북상주로 24- 7(계산동),36.4326,128.1629
mmg_2982,상주자전거박물관,myeongmunga_facility,경상북도상주시상산로 223(남성동),36.4536,128.2551
mmg_2250,상주장례식장,myeongmunga_facility,경상북도상주시영남제일로 1953(낙양동),36.41451,128.1328
mmg_3689,새몸새기운한미르 한의원,myeongmunga_facility,"대구광역시수성구달구벌대로 22887층 (수성동1가, 하이게인빌딩)",35.8594626,128.6125787
mmg_3959,새빛캐드컴퓨터학원,myeongmunga_facility,"대구광역시달서구달구벌대로 1704,7층 (두류동)",35.855497,128.552064
mmg_3960,서울컴퓨터회계학원,myeongmunga_facility,"대구광역시동구아양로39길 6,3층 (신암동)",35.886673,128.634774
mmg_2078,서재문화체육센터,myeongmunga_facility,대구광역시달성군다사읍다사로 750(다사읍방천리),35.884442,128.504116
mmg_1375,성누가병원,myeongmunga_facility,경상북도영주시구성로 329(영주동),36.821506,128.624521
mmg_2248,성모병원장례식장,myeongmunga_facility,경상북도상주시냉림서성길 7(냉림동),36.42046,128.1598
mmg_3696,성심한의원,myeongmunga_facility,"대구광역시달서구상화로 3711층 (상인동, 비둘기아파트1단지 상가)",35.8088153,128.5524542
mmg_3961,세방컴퓨터학원,myeongmunga_facility,"대구광역시수성구동대구로 274,301호(범어동, 상가7동)",35.854722,128.626356
mmg_3962,셈틀회계캐드그랙픽컴퓨터학원,myeongmunga_facility,"대구광역시북구학정로 435,3층 (동천동)",35.943604,128.5633
mmg_3628,소나무한의원 대구,myeongmunga_facility,대구광역시중구명륜로12길 33(남산동),35.8626626,128.5885393
mmg_1131,소노벨 경주,myeongmunga_facility,경상북도경주시보문로 402- 12(신평동),35.846912,129.281623
mmg_3694,소문생생한의원,myeongmunga_facility,대구광역시북구침산남로 175(침산동),35.8876974,128.5948631
mmg_3963,수성컴퓨터학원,myeongmunga_facility,"대구광역시수성구달구벌대로 2495,4층 (범어동)",35.85926,128.635503
mmg_3615,수침한의원,myeongmunga_facility,대구광역시남구대명로 1602층 (대명동),35.8389007,128.5749653
mmg_2170,스타사진관,myeongmunga_facility,경상북도경산시대학로 323(조영동),35.839145,128.756379
mmg_3990,신라고분정보센터,myeongmunga_facility,경상북도경주시봉황로 23(노서동),,
mmg_3761,신라대종,myeongmunga_facility,경상북도경주시태종로 767(노동동),35.840706,129.212131
mmg_3964,신명컴퓨터학원,myeongmunga_facility,"대구광역시달서구용산로 236,7층 (용산동)",35.858478,128.530883
mmg_3613,신세계한의원,myeongmunga_facility,대구광역시수성구청수로 180(지산동),35.8387893,128.6277694
mmg_3625,심한의원,myeongmunga_facility,대구광역시동구율하동로24길 38(신기동),35.8692414,128.7065414
mmg_4056,안동시 공용주차장,myeongmunga_facility,경상북도안동시육사로 205(운흥동),36.5658,128.729
mmg_4057,안동시 자연휴양림,myeongmunga_facility,경상북도안동시길안면고란길 207- 99(길안면고란리),36.4140643,128.9472731
mmg_4055,안동시 청소년수련관,myeongmunga_facility,경상북도안동시축제장길 42(옥야동),36.5603689,128.7308387
mmg_4058,안동시 체육시설,myeongmunga_facility,경상북도안동시퇴계로 115(명륜동),36.568,128.729
mmg_4054,안동시 평생학습관,myeongmunga_facility,경상북도안동시제비원로 93(당북동),36.5602859,128.7202012
mmg_1421,안동의료원,myeongmunga_facility,경상북도안동시태사2길 55(북문동),36.568104,128.731869
mmg_3690,여성원한의원,myeongmunga_facility,대구광역시동구아양로 75- 1(신암동),35.8830799,128.622147
mmg_3622,영남한의원,myeongmunga_facility,대구광역시수성구달구벌대로 3177(매호동),35.8413264,128.7045602
mmg_3630,영천태강한의원,myeongmunga_facility,경상북도영천시시장로 601층 (완산동),35.9633031,128.9367296
mmg_3609,예사랑한의원,myeongmunga_facility,"대구광역시수성구지범로 183302호(지산동, 시티월드)",35.8215522,128.6396605
mmg_3675,예천군 복합커뮤니티센터,myeongmunga_facility,경상북도예천군호명읍봉호로 4040(호명읍산합리),36.5767,128.4733
mmg_3638,오덕한의원,myeongmunga_facility,대구광역시달서구송현동길 8(송현동),35.830246,128.5504184
mmg_2077,올림픽기념국민생활관,myeongmunga_facility,대구광역시달서구학산로 130(본동),35.833151,128.540578
mmg_3640,우리!참사랑한의원,myeongmunga_facility,대구광역시달서구한들로 232층 (장기동),35.8481088,128.5280419
mmg_1466,운문산휴양림,myeongmunga_facility,경상북도청도군운문면운문로 763(운문면신원리),35.6534,129.018717
mmg_2080,유니버시아드 레포츠센터,myeongmunga_facility,대구광역시북구호국로57길 6(서변동),35.92797,128.597956
mmg_4051,이육사 문학관,myeongmunga_facility,경상북도안동시도산면백운로 525(도산면원천리),36.7389836,128.8629974
mmg_3633,이재수한의원,myeongmunga_facility,대구광역시수성구달구벌대로 2365(수성동4가),35.859882,128.6214708
mmg_3618,이화한의원,myeongmunga_facility,대구광역시수성구고산로 121- 231층 (매호동),35.8418984,128.7034938
mmg_3639,장덕한의원 대구점,myeongmunga_facility,대구광역시달성군현풍읍테크노상업로 52203호(현풍읍중리),35.6930679,128.455791
mmg_2249,제일장례식장,myeongmunga_facility,경상북도상주시영남제일로 1408- 15(복룡동),36.42152,128.1872
mmg_2475,조은소리보청기대구점,myeongmunga_facility,"대구광역시중구중앙대로 268(남산동, 조은소리보청기 대구점)",35.83696,129.2821
mmg_3222,증산수도계곡캠핑장,myeongmunga_facility,,35.89961,128.1245
mmg_3702,창한방병원,myeongmunga_facility,대구광역시달서구달구벌대로 1616(감삼동),35.8520353,128.5435123
mmg_3766,천마총,myeongmunga_facility,,35.83875,129.210544
mmg_1577,청도용암웰빙스파,myeongmunga_facility,경상북도청도군화양읍온천길 23(화양읍삼신리),35.688781,128.719249
mmg_1580,청옥산휴양림,myeongmunga_facility,경상북도봉화군석포면청옥로 1552- 163(석포면대현리),37.035488,128.991089
mmg_3611,칠곡제일한의원,myeongmunga_facility,대구광역시북구칠곡중앙대로 493(관음동),35.9396212,128.5495588
mmg_1595,칠보산휴양림,myeongmunga_facility,경상북도영덕군병곡면칠보산길 587(병곡면영리),36.624436,129.367897
mmg_3965,코더스IT학원,myeongmunga_facility,"대구광역시수성구달구벌대로 2527,8층 (범어동)",35.859445,128.63913
mmg_1605,통고산휴양림,myeongmunga_facility,경상북도울진군금강송면불영계곡로 880(금강송면쌍전리),36.924442,129.193311
mmg_3769,포석정,myeongmunga_facility,,35.807455,129.21283
mmg_1614,포항성모병원,myeongmunga_facility,경상북도포항시 남구대잠동길 17(대잠동),36.014831,129.339291
mmg_3985,포항시 보건소 및 보건지소,myeongmunga_facility,,35.992631,129.396538
mmg_3478,포항시 자연휴양림,myeongmunga_facility,"경상북도포항시 남구시청로 1(대잠동, 포항시청 녹지과)",36.01902,129.34318
mmg_3473,포항시 체육시설,myeongmunga_facility,"경상북도포항시 남구시청로 1(대잠동, 포항시청 체육산업과)",36.01902,129.34318
mmg_3474,포항시 치유의 숲,myeongmunga_facility,"경상북도포항시 남구시청로 1(대잠동, 포항시청 녹지과)",36.01902,129.34318
mmg_3476,포항시 평생교육관,myeongmunga_facility,"경상북도포항시 남구뱃머리길 39(상도동, 포항시 평생교육관)",36.0067,129.35536
mmg_3477,포항시 화장장,myeongmunga_facility,"경상북도포항시 남구시청로 1(대잠동, 포항시청 노인장애인복지과)",36.0571,129.3522
mmg_1615,포항의료원,myeongmunga_facility,경상북도포항시 북구용흥로 36(용흥동),36.035094,129.354487
mmg_4052,하회마을,myeongmunga_facility,경상북도안동시풍천면전서로 186(풍천면하회리),36.5389131,128.5181474
mmg_4053,한국문화테파마크,myeongmunga_facility,경상북도안동시도산면월천길 300(도산면동부리),36.6952498,128.8406677
mmg_3966,해인회계캐드컴퓨터학원,myeongmunga_facility,"대구광역시북구구암로 139-1,2층 (동천동)",35.932102,128.556292
mmg_1664,허병원(열경의료재단),myeongmunga_facility,대구광역시달서구학산로 121(본동),35.833751,128.539608
mmg_1668,헤럴드외국어학원,myeongmunga_facility,대구광역시중구동성로5길 26(삼덕동1가),35.867578,128.595944
mmg_3874,현대고시학원,myeongmunga_facility,"대구광역시중구중앙대로 462,5층 (북성로1가)",35.874185,128.594926
mmg_3967,현대캐드컴퓨터학원,myeongmunga_facility,"대구광역시동구팔공로51길 15-5,402호(봉무동)",35.922493,128.63967
mmg_3976,현대컴퓨터학원,myeongmunga_facility,경상북도칠곡군북삼읍금오대로7길 57-3(북삼읍인평리),36.070651,128.345452
mmg_3614,화원365한의원,myeongmunga_facility,대구광역시달성군화원읍비슬로 25932층 (화원읍천내리),35.8045109,128.5000993
mmg_1002,(주)천지장례식장,myeongmunga_facility,광주광역시서구풍서좌로 173- 1(매월동),35.1252,126.849932
mmg_3821,KMI한국의학연구소 광주검진센터,myeongmunga_facility,"광주광역시서구상무중앙로 58(치평동, 타임스타워 빌딩 8~10층)",,
mmg_2608,LG전자베스트샵학동점,myeongmunga_facility,광주광역시동구남문로 643(소태동),35.12844,126.930045
mmg_4097,VIP 장례타운,myeongmunga_facility,광주광역시서구풍서좌로 237(매월동),35.126634,126.843553
mmg_4098,VIP장례타운,myeongmunga_facility,광주광역시서구풍서좌로 237(매월동),35.1263707,126.8434969
mmg_3273,강진군 보건소,myeongmunga_facility,전라남도강진군강진읍목리길 11(강진읍동성리),34.63814,126.77545
mmg_3272,강진군공영주차장,myeongmunga_facility,전라남도강진군강진읍탐진로 111(강진읍서성리),34.64214,126.76702
mmg_3979,고흥군 작은영화관,myeongmunga_facility,전라남도고흥군고흥읍고흥로 1892- 67(고흥읍호형리),34.6148461,127.2967579
mmg_2827,곡성 대황강 자연휴식체험장,myeongmunga_facility,전라남도곡성군석곡면주석로 620- 40(석곡면유정리),35.12533,127.255804
mmg_3034,곡성 문화관광 시설,myeongmunga_facility,전라남도곡성군곡성읍군청로 50(곡성읍읍내리),35.28203,127.291869
mmg_2818,곡성군 보훈회관,myeongmunga_facility,전라남도곡성군곡성읍곡성로 780(곡성읍읍내리),35.27561,127.29054
mmg_2819,곡성군 섬진강 천문대,myeongmunga_facility,"전라남도구례군구례읍섬진강로 1234(구례읍논곡리, ㅇ)",35.22662,127.370323
mmg_2821,곡성군 압록유원지시설,myeongmunga_facility,전라남도곡성군죽곡면섬진강로 1012(죽곡면하한리),35.19247,127.377387
mmg_2822,곡성군 자연휴식지,myeongmunga_facility,전라남도곡성군곡성읍군청로 50(곡성읍읍내리),35.28203,127.291869
mmg_2823,곡성군 장사시설,myeongmunga_facility,전라남도곡성군곡성읍군청로 50(곡성읍읍내리),35.28203,127.291869
mmg_2824,곡성군 청소년 문화의 집,myeongmunga_facility,전라남도곡성군곡성읍곡성로 855(곡성읍읍내리),35.2818,127.297696
mmg_2826,곡성군 체육시설,myeongmunga_facility,전라남도곡성군곡성읍군청로 50(곡성읍읍내리),35.28203,127.291869
mmg_3840,골프존파크 학동 남광주점,myeongmunga_facility,광주광역시동구양림로 1202층 (학동),35.1399523,126.9212705
mmg_2318,광양시 공영주차장,myeongmunga_facility,전라남도광양시시청로 33(중동),34.9808051,127.5836215
mmg_2317,광양시 보건소,myeongmunga_facility,전라남도광양시시청로 33(중동),34.9808051,127.5836215
mmg_2320,광양시 청소년 시설,myeongmunga_facility,전라남도광양시시청로 33(중동),34.9808051,127.5836215
mmg_2322,광양시 체육시설,myeongmunga_facility,전라남도광양시시청로 33(중동),34.9808051,127.5836215
mmg_3326,광주 북구 주차장,myeongmunga_facility,광주광역시북구우치로 77(용봉동),35.174152,126.911934
mmg_3790,광주광역시 남구 체육시설,myeongmunga_facility,광주광역시남구봉선로 1(봉선동),,
mmg_1081,광주기독병원,myeongmunga_facility,광주광역시남구양림로 37(양림동),35.136673,126.912122
mmg_1082,광주문화예술회관,myeongmunga_facility,광주광역시북구북문대로 60(운암동),35.177712,126.881702
mmg_3831,광주병원,myeongmunga_facility,광주광역시북구면앙로139번길 51(두암동),35.1789169,126.9281471
mmg_1083,광주보훈병원,myeongmunga_facility,광주광역시광산구첨단월봉로 99(산월동),35.207636,126.849866
mmg_3931,광주중앙컴퓨터학원,myeongmunga_facility,광주광역시북구서하로 383(문흥동),35.1855619,126.9223259
mmg_1085,광주한국병원,myeongmunga_facility,광주광역시서구월드컵4강로 223(쌍촌동),35.155962,126.868573
mmg_3598,국립아시아문화전당재단,myeongmunga_facility,광주광역시동구문화전당로 38(광산동),35.146747,126.920231
mmg_3351,금호화순스파리조트,myeongmunga_facility,전라남도화순군백아면옥리길 14- 21(백아면옥리),35.163821,127.084242
mmg_3930,나라정보처리학원,myeongmunga_facility,광주광역시남구서문대로654번길 7(진월동),35.1176235,126.8996775
mmg_3145,나주동신대한방병원,myeongmunga_facility,"전라남도나주시교육길 14(빛가람동, 나주동신대학교한방병원)",35.018491,126.778533
mmg_3662,나주시 체육시설,myeongmunga_facility,,,
mmg_1109,낙안민속휴양림,myeongmunga_facility,전라남도순천시낙안면민속마을길 1600(낙안면동내리),34.913341,127.353456
mmg_1110,남부대학교,myeongmunga_facility,광주광역시광산구남부대길 1(월계동),35.20763,126.841416
mmg_2795,담양국민체육센터,myeongmunga_facility,전라남도담양군담양읍담장로 20(담양읍만성리),35.32879,126.972347
mmg_2802,담양군 보건소,myeongmunga_facility,전라남도담양군담양읍완동길 10- 11(담양읍만성리),35.3255164,126.9808908
mmg_3266,대한안과의사회(광주신세계안과,myeongmunga_facility,광주광역시서구죽봉대로 92(광천동),35.161595,126.883913
mmg_1170,대한안과의사회(광주안과),myeongmunga_facility,"광주광역시서구무진대로 935(광천동, 935)",35.16198,126.8826
mmg_3269,대한안과의사회(더밝은안과),myeongmunga_facility,"전라남도순천시이수로 321(조례동, 노엘빌딩 5층)",34.954,127.519
mmg_3268,대한안과의사회(바른안과),myeongmunga_facility,"광주광역시광산구임방울대로 3485층 (수완동, 남궁빌딩)",35.19106,126.82428
mmg_3267,대한안과의사회(보라안과병원),myeongmunga_facility,"광주광역시서구상무자유로 170(치평동, 170)",35.15129,126.85273
mmg_3270,대한안과의사회(센트럴윤길중안과),myeongmunga_facility,"광주광역시서구죽봉대로 62(농성동, 어반센트럴 2층)",35.15876,126.88352
mmg_3849,동명병원,myeongmunga_facility,광주광역시동구동명로70번길 5(동명동),35.1505811,126.9288635
mmg_1262,동신대학교 광주한방병원,myeongmunga_facility,광주광역시남구월산로 141(월산동),35.150198,126.895943
mmg_4113,드림한방병원,myeongmunga_facility,광주광역시광산구장신로 85(장덕동),35.731266,126.819469
mmg_4114,드림한방병원,myeongmunga_facility,"광주광역시광산구장신로 85(장덕동, 4층 401호)",35.191187,126.8194487
mmg_2723,목포국제축구센터 시설,myeongmunga_facility,전라남도목포시내화마을길 89(대양동),34.828797,126.396256
mmg_3128,목포동신대학교한방병원,myeongmunga_facility,전라남도목포시백년대로 313(상동),34.8049,126.421473
mmg_2721,목포시 공영주차장,myeongmunga_facility,전라남도목포시양을로 203(용당동),34.81187,126.392306
mmg_2722,목포시 체육시설,myeongmunga_facility,전라남도목포시양을로 203(용당동),34.81187,126.392306
mmg_3033,목포추모공원,myeongmunga_facility,전라남도목포시고하대로 1140- 41(대양동),34.84031,126.405222
mmg_1295,목포한국병원,myeongmunga_facility,전라남도목포시영산로 483(상동),34.809162,126.416394
mmg_2988,무안 종합스포츠파크 실내수영장,myeongmunga_facility,전라남도무안군현경면공항로 345(현경면양학리),35.00392,126.447421
mmg_2437,방아재 한옥펜션,myeongmunga_facility,전라남도담양군남면백아로 2700(남면구산리),35.126959,127.080007
mmg_1312,방장산휴양림,myeongmunga_facility,전라남도장성군북이면방장로 353(북이면죽청리),35.444005,126.751426
mmg_4107,버거리버거 광주동명동점,myeongmunga_facility,"광주광역시동구동명로 8(장동, 1층)",35.1499511,126.9229078
mmg_1318,베일리수 스튜디오 광주점,myeongmunga_facility,광주광역시북구하남대로 6512층 (동림동),35.172608,126.864128
mmg_3319,보성군 노인복지관,myeongmunga_facility,전라남도보성군벌교읍신정길 47- 23(벌교읍회정리),34.84561,127.35141
mmg_3322,보성군 보건소,myeongmunga_facility,전라남도보성군보성읍송재로 153(보성읍보성리),34.77023,127.07901
mmg_3320,보성군 비봉마리나,myeongmunga_facility,전라남도보성군보성읍송재로 165(보성읍보성리),34.7715,127.07986
mmg_3172,보성군 제암산자연휴양림,myeongmunga_facility,전라남도보성군웅치면대산길 330(웅치면대산리),34.69989,126.9848
mmg_3321,보성군 한국차박물관,myeongmunga_facility,전라남도보성군보성읍녹차로 775(보성읍봉산리),34.7198,127.0817
mmg_3170,보성군국민체육센터,myeongmunga_facility,전라남도보성군보성읍용문길 36- 16(보성읍용문리),34.77511,127.09512
mmg_3169,보성군득량만바다낚시공원,myeongmunga_facility,전라남도보성군득량면선소당산길 36- 13(득량면비봉리),34.69493,127.18797
mmg_3171,보성군봇재,myeongmunga_facility,전라남도보성군회천면녹차로 750(회천면회령리),34.71356,127.08729
mmg_3176,보성군비봉공룡공원,myeongmunga_facility,전라남도보성군득량면공룡로 822- 51(득량면비봉리),34.70866,127.1947
mmg_3173,보성군청소년문화의집,myeongmunga_facility,전라남도보성군보성읍송재로 281- 7(보성읍원봉리),34.77782,127.08804
mmg_3174,보성군청소년수련원,myeongmunga_facility,전라남도보성군보성읍녹차로 771(보성읍봉산리),34.71821,127.08334
mmg_3175,보성군태백산맥문학관,myeongmunga_facility,전라남도보성군벌교읍홍암로 89- 19(벌교읍회정리),34.84914,127.35215
mmg_3177,보성차밭 빛축제,myeongmunga_facility,전라남도보성군보성읍녹차로 773(보성읍봉산리),34.7185,127.08288
mmg_3521,상무365한방병원,myeongmunga_facility,"광주광역시서구상무중앙로 96- 09,11층 (치평동, HK복합빌딩)",35.155462,126.848995
mmg_1353,새우리병원,myeongmunga_facility,광주광역시서구군분2로 8(화정동),35.153543,126.881389
mmg_1366,서울화이트치과병원,myeongmunga_facility,"광주광역시서구죽봉대로 21- 14층 (농성동, 무등산타워)",35.160441,126.883929
mmg_2425,서정치과의원,myeongmunga_facility,광주광역시동구남문로 694- 7(학동),35.132746,126.928953
mmg_2414,세무법인 동반,myeongmunga_facility,"광주광역시서구상무민주로6번길 362층 (쌍촌동, 세무타운)",35.151707,126.862437
mmg_3928,세종컴퓨터전산학원,myeongmunga_facility,광주광역시남구봉선2로 68(봉선동),35.1255826,126.9137088
mmg_1389,송원대학교,myeongmunga_facility,광주광역시남구송암로 73(송하동),35.108546,126.871568
mmg_3836,순정병원,myeongmunga_facility,전라남도순천시해룡면지봉로 372- 3(해룡면상삼리),34.9469791,127.5340823
mmg_3643,순천만잡월드,myeongmunga_facility,전라남도순천시해룡면여순로 1783(해룡면대안리),34.929139,127.524373
mmg_3655,순천시 낙안읍성,myeongmunga_facility,전라남도순천시낙안면충민길 30(낙안면동내리),34.907315,127.341059
mmg_3654,순천시 목재문화지원센터,myeongmunga_facility,전라남도순천시해룡면여순로 1767- 7(해룡면대안리),34.928062,127.52449
mmg_3659,순천시 문화예술회관,myeongmunga_facility,전라남도순천시삼산로 16(석현동),,
mmg_3652,순천시 반려동물문화센터,myeongmunga_facility,전라남도순천시역전길 50(조곡동),34.948597,127.497533
mmg_3651,순천시 보건기관,myeongmunga_facility,,,
mmg_3646,순천시 사회복지관,myeongmunga_facility,,,
mmg_3644,순천시 생활문화센터,myeongmunga_facility,,,
mmg_3641,순천시 순천만국가정원,myeongmunga_facility,전라남도순천시국가정원1호길 47(오천동),340.928508,127.498425
mmg_3642,순천시 순천만습지,myeongmunga_facility,전라남도순천시해룡면순천만길 513- 25(해룡면농주리),34.885953,127.509063
mmg_3650,순천시 여성문화회관,myeongmunga_facility,전라남도순천시연향2로 60(연향동),34.947847,127.5223
mmg_3653,순천시 자연휴양림,myeongmunga_facility,전라남도순천시서면청소년수련원길 170(서면운평리),,
mmg_3648,순천시 장난감도서관,myeongmunga_facility,,,
mmg_3647,순천시 장사,myeongmunga_facility,전라남도순천시양율길 132(야흥동),,
mmg_3660,순천시 주차장,myeongmunga_facility,,,
mmg_2717,순천시 청소년시설,myeongmunga_facility,전라남도순천시장명로 30(장천동),34.9502,127.487222
mmg_3645,순천시 체육시설,myeongmunga_facility,,,
mmg_3649,순천시 출산ㆍ육아용품대여소,myeongmunga_facility,,,
mmg_3657,순천시 평생학습관,myeongmunga_facility,전라남도순천시중앙로 232(석현동),34.96666,127.48647
mmg_3656,순천시립 뿌리깊은나무박물관,myeongmunga_facility,전라남도순천시낙안면평촌3길 45(낙안면남내리),34.903775,127.339747
mmg_3658,순천시립도서관,myeongmunga_facility,,,
mmg_2579,스마트원치과병원,myeongmunga_facility,"광주광역시서구운천로 148(쌍촌동, 4층)",35.145811,126.8573403
mmg_3980,신안군 주차장,myeongmunga_facility,전라남도신안군압해읍천사로 1004(압해읍신장리),34.8360753,126.3523341
mmg_3929,엔터컴퓨터학원,myeongmunga_facility,광주광역시광산구수등로 258- 10(신가동),35.1842214,126.8358443
mmg_2158,엘도라도리조트,myeongmunga_facility,전라남도신안군증도면지도증도로 1766- 15(증도면우전리),34.963549,126.13446
mmg_2315,여수시 공영주차장,myeongmunga_facility,전라남도여수시시청로 1(학동),34.7604,127.662323
mmg_2312,여수시 보건기관,myeongmunga_facility,전라남도여수시시청로 1(학동),34.7593319,127.6604473
mmg_2716,여수시 사회복지관,myeongmunga_facility,전라남도여수시시청로 1(학동),34.7604,127.662323
mmg_2313,여수시 승화원,myeongmunga_facility,전라남도여수시소라면의곡길 494(소라면봉두리),34.8333,127.57562
mmg_2314,여수시 주민자치센터,myeongmunga_facility,전라남도여수시시청로 1(학동),34.7604,127.662323
mmg_2316,여수시 체육시설,myeongmunga_facility,전라남도여수시시청로 1(학동),34.7604,127.662323
mmg_2610,여수예술랜드,myeongmunga_facility,전라남도여수시돌산읍무술목길 142- 1(돌산읍평사리),34.69676,127.77864
mmg_1437,여수전남병원,myeongmunga_facility,전라남도여수시좌수영로 49(광무동),34.745307,127.728144
mmg_2718,영광군 공영주차장,myeongmunga_facility,전라남도영광군영광읍중앙로 203(영광읍무령리),35.27716,126.512011
mmg_2719,영광군 노인복지관,myeongmunga_facility,전라남도영광군영광읍대하길 19(영광읍신하리),35.2722814,126.49736
mmg_2720,영광군 대마 전기자동차산업단지 체육시설,myeongmunga_facility,전라남도영광군영광읍중앙로 203(영광읍무령리),35.27716,126.512011
mmg_3032,영광군 청사 부설주차장,myeongmunga_facility,전라남도영광군영광읍중앙로 203(영광읍무령리),35.27716,126.512011
mmg_3031,영광군 체육시설,myeongmunga_facility,전라남도영광군영광읍중앙로 203(영광읍무령리),35.27716,126.512011
mmg_3236,영암군 공영주차장,myeongmunga_facility,전라남도영암군영암읍남풍문길 3- 1(영암읍남풍리),34.79686,126.7005
mmg_3237,영암군 보건소,myeongmunga_facility,전라남도영암군영암읍오리정길 39(영암읍남풍리),34.79562,126.7036
mmg_3238,영암군 여성회관,myeongmunga_facility,전라남도영암군영암읍오리정길 39(영암읍춘양리),34.79562,126.7036
mmg_3233,영암군 월출산 기찬랜드,myeongmunga_facility,전라남도영암군영암읍기찬랜드로 19- 10(영암읍회문리),34.79149,126.68581
mmg_3235,영암군 장사시설,myeongmunga_facility,,34.83591,126.731005
mmg_3234,영암군 체육시설,myeongmunga_facility,"전라남도영암군영암읍영암로 1527(영암읍교동리, 외25)",34.79506,126.69689
mmg_3239,영암군성기동 관광시설,myeongmunga_facility,전라남도영암군군서면왕인로 440(군서면동구림리),34.75522,126.63123
mmg_4117,오브멜로,myeongmunga_facility,"광주광역시북구일곡마을로 167(일곡동, 1층)",35.2105679,126.8923179
mmg_3788,완도군 체육시설,myeongmunga_facility,전라남도완도군완도읍청해진남로 51(완도읍군내리),,
mmg_3162,원광대광주한방병원,myeongmunga_facility,광주광역시남구회재로 1140- 23(주월동),35.128,126.888
mmg_3984,장성호 수변길,myeongmunga_facility,,35.3560654,126.8178262
mmg_3787,전남도립미술관,myeongmunga_facility,전라남도광양시광양읍순광로 660(광양읍인동리),,
mmg_2835,제이엘치과,myeongmunga_facility,"광주광역시서구상무중앙로 64(치평동, 401호(4층))",35.1527413,126.8489078
mmg_3577,조선대학교 평생교육원,myeongmunga_facility,"광주광역시동구조선대6길 261층 (서석동, 조선대학교 서석홀)",35.145065,126.932135
mmg_3811,준초이짐,myeongmunga_facility,"광주광역시동구백서로 116(학동, 5층)",35.1806126,126.8732389
mmg_2839,진도군 공영주차장,myeongmunga_facility,전라남도진도군진도읍철마길 25(진도읍성내리),34.48674,126.263418
mmg_2838,진도군 문화시설,myeongmunga_facility,전라남도진도군진도읍철마길 25(진도읍성내리),34.48674,126.263418
mmg_3323,진도군 실내수영장,myeongmunga_facility,전라남도진도군진도읍동외4길 126(진도읍동외리),34.48559,126.27642
mmg_2737,진도자연휴양림,myeongmunga_facility,전라남도진도군임회면동령개길 31- 1(임회면굴포리),34.3575477,126.1864684
mmg_1571,천관산휴양림,myeongmunga_facility,전라남도장흥군관산읍칠관로 842- 1150(관산읍농안리),34.546455,126.899956
mmg_1575,첨단종합병원,myeongmunga_facility,광주광역시광산구첨단중앙로170번길 59(쌍암동),35.220918,126.845173
mmg_3536,컬쳐호텔 람,myeongmunga_facility,광주광역시동구서석로 89(대의동),35.149849,126.920731
mmg_2577,킹덤치과,myeongmunga_facility,"광주광역시남구제석로 110(봉선동, 메가시티 4층)",35.1242023,126.9075754
mmg_3927,태봉컴퓨터전산학원,myeongmunga_facility,광주광역시북구비엔날레로 54- 2(운암동),35.1766876,126.8889395
mmg_3537,한국예술종합학교교육원,myeongmunga_facility,"광주광역시동구서석로 89(대의동, kbda빌딩)",35.149815,126.920859
mmg_2799,해남군 공룡화석지,myeongmunga_facility,전라남도해남군황산면공룡박물관길 234(황산면우항리),34.5902136,126.4382554
mmg_2796,해남군 공영주차장,myeongmunga_facility,전라남도해남군해남읍군청길 4(해남읍성내리),34.57384,126.599576
mmg_3324,해남군 보건소,myeongmunga_facility,전라남도해남군해남읍해남로 46(해남읍해리),34.57044,126.6121
mmg_2801,해남군 장사시설,myeongmunga_facility,전라남도해남군해남읍군청길 4(해남읍성내리),34.57384,126.599576
mmg_3325,해남군 주민자치센터,myeongmunga_facility,전라남도해남군해남읍군청길 4(해남읍성내리),34.57384,126.599576
mmg_2797,해남군 체육시설,myeongmunga_facility,전라남도해남군해남읍군청길 4(해남읍성내리),34.57384,126.599576
mmg_2701,해피뷰병원,myeongmunga_facility,광주광역시북구경열로 216(유동),35.158673,126.906691
mmg_3227,화순고인돌 오토캠핑장,myeongmunga_facility,전라남도화순군도곡면고인돌1로 139(도곡면쌍옥리),34.98695,126.91327
mmg_3226,화순군민회관,myeongmunga_facility,전라남도화순군화순읍진각로 85(화순읍광덕리),35.05842,126.98512
mmg_3230,화순군보건소,myeongmunga_facility,전라남도화순군화순읍쌍충로 62(화순읍삼천리),35.05747,126.9823
mmg_3328,화순백아산자연휴양림,myeongmunga_facility,전라남도화순군백아면수양로 353(백아면노치리),35.15248,127.16874
mmg_3329,화순하니움실내체육관,myeongmunga_facility,전라남도화순군화순읍학포로 2698(화순읍대리),35.04853,126.96524
mmg_3327,화순한천자연휴양림,myeongmunga_facility,전라남도화순군한천면죽헌로 719(한천면오음리),34.98814,127.04723
mmg_1001,(주)아신아트컴퍼니,myeongmunga_facility,대전광역시중구대종로 458(대흥동),36.326795,127.426407
mmg_3890,AI컴퓨터학원,myeongmunga_facility,"대전광역시동구은어송로52번길 5- 4402호(가오동, 굿모닝타운)",36.305781,127.455909
mmg_1009,CMI종합검진센터,myeongmunga_facility,대전광역시서구한밭대로 797(둔산동),36.358272,127.38738
mmg_2428,CM세무직업전문학교,myeongmunga_facility,충청남도천안시 동남구대흥로 321(성황동),36.816596,127.150404
mmg_2576,가톨릭대학교 대전성모병원,myeongmunga_facility,대전광역시중구대흥로 64(대흥동),36.322303,127.420453
mmg_1053,건양대학교병원,myeongmunga_facility,대전광역시서구관저동로 158(관저동),,
mmg_3896,경남컴퓨터학원,myeongmunga_facility,"대전광역시서구배재로 155- 7301호(도마동, 경남아파트상가)",,
mmg_3899,경성컴퓨터학원,myeongmunga_facility,"대전광역시서구대덕대로112번길 562층 (갈마동, KSCA)",36.344015,127.377562
mmg_3361,계룡시 공영주차장,myeongmunga_facility,"충청남도계룡시장안로 46(금암동, 계룡시청 건설교통실)",,
mmg_3362,계룡시 체육시설,myeongmunga_facility,"충청남도계룡시장안로 46(금암동, 계룡시청 공공시설사업소)",,
mmg_3888,계룡컴퓨터학원,myeongmunga_facility,대전광역시중구문화로 1742층 (문화동),36.314359,127.404576
mmg_3419,공주시 공영주차장,myeongmunga_facility,"충청남도공주시봉황로 1(봉황동, 공주시청 교통과 교통안전팀)",,
mmg_3420,공주시 보건소,myeongmunga_facility,충청남도공주시봉황로 123(교동),,
mmg_3421,공주시 체육시설,myeongmunga_facility,"충청남도공주시봉황로 1(봉황동, 공주시청 시설관리사업소 시설관리팀)",,
mmg_2728,국립세종수목원,myeongmunga_facility,세종특별자치시세종시연기면수목원로 136(연기면세종리),36.4956029,127.2837093
mmg_3898,국민컴퓨터학원,myeongmunga_facility,대전광역시동구대성2길 21(가양동),36.338157,127.439521
mmg_3893,굿아이컴퓨터학원,myeongmunga_facility,"대전광역시서구가수원로 97301호(가수원동, 금원빌딩)",36.302699,127.349573
mmg_2048,노블리안 치과,myeongmunga_facility,대전광역시서구관저동로 86(관저동),36.29978,127.341018
mmg_3850,논산시 공영주차장,myeongmunga_facility,"충청남도논산시시민로210번길 9(내동, 논산시청 교통과 교통시설팀)",,
mmg_3852,논산시 보건소,myeongmunga_facility,"충청남도논산시논산대로 382(관촉동, 논산시보건소 보건행정과 진료팀)",,
mmg_3851,논산시 체육시설,myeongmunga_facility,"충청남도논산시시민로210번길 9(내동, 논산시청 체육진흥과 체육센터운영팀)",,
mmg_3891,다모아컴퓨터학원,myeongmunga_facility,"대전광역시서구월평동로 83302호3층 (월평동, 다모아아파트 상가)",36.362119,127.366842
mmg_3178,단국대학교병원,myeongmunga_facility,충청남도천안시 동남구망향로 201(안서동),36.842128,127.172528
mmg_3383,당진시 공영주차장,myeongmunga_facility,"충청남도당진시시청1로 1(수청동, 당진시청 교통과)",,
mmg_3381,당진시 보건소,myeongmunga_facility,충청남도당진시서부로 56(채운동),,
mmg_3386,당진시 체육시설,myeongmunga_facility,"충청남도당진시시청1로 1(수청동, 당진시청 시설관리사업소)",,
mmg_1130,대덕자동차직업전문학교,myeongmunga_facility,대전광역시동구동서대로 1710(가양동),36.349666,127.439601
mmg_3895,대승컴퓨터학원,myeongmunga_facility,"대전광역시대덕구중리북로 10402호4층 (법동, IS빌딩)",36.367499,127.428907
mmg_1140,대신정보통신직업전문학교,myeongmunga_facility,대전광역시중구대종로 510(은행동),36.329614,127.425076
mmg_3981,대전광역시 유성구 보건소,myeongmunga_facility,"대전광역시유성구박산로 177(구암동, 유성구보건소)",36.3538681,127.3285692
mmg_3110,대전대학교 대전한방병원,myeongmunga_facility,대전광역시서구대덕대로176번길 75(둔산동),36.346396,127.3795
mmg_3111,대전대학교 천안한방병원,myeongmunga_facility,충청남도천안시 서북구노태산로 4(두정동),36.825282,127.127727
mmg_3357,대전드론미디어,myeongmunga_facility,대전광역시서구계백로 12601층 (정림동),,
mmg_1148,대전미용직업전문학교,myeongmunga_facility,대전광역시중구중앙로 153-1(은행동),36.329166,127.426628
mmg_2212,대전병원,myeongmunga_facility,대전광역시대덕구대전로 1215(오정동),36.362554,127.417779
mmg_1149,대전보훈병원,myeongmunga_facility,대전광역시대덕구대청로82번길 147(신탄진동),36.447343,127.439353
mmg_1151,대전선병원,myeongmunga_facility,대전광역시중구목중로 29(목동),36.336002,127.41018
mmg_1152,대전시립제2노인전문병원,myeongmunga_facility,대전광역시동구산내로 300(하소동),36.212554,127.440499
mmg_3141,대전을지대학교병원,myeongmunga_facility,대전광역시서구둔산서로 95(둔산동),36.355531,127.382044
mmg_2715,대전지방변호사회,myeongmunga_facility,"대전광역시서구문예로 73- 0(둔산동, 2층 변호사회관)",36.35328,127.38986
mmg_1154,대전한국병원,myeongmunga_facility,대전광역시동구동서대로 1672(성남동),36.348152,127.435829
mmg_2005,대청병원,myeongmunga_facility,대전광역시서구계백로 1322(정림동),36.30832,127.370357
mmg_3301,대한안과의사협회 새봄안과의원,myeongmunga_facility,"대전광역시유성구계룡로 114(봉명동, BYC빌딩 7층)",,
mmg_3293,대한안과의사회 명안과,myeongmunga_facility,"대전광역시서구청사로 121(월평동, 4층)",36.360824,127.377577
mmg_3605,대한안과의사회 민들레안과의원,myeongmunga_facility,대전광역시동구동대전로 81(대동),36.329953,127.443068
mmg_3295,대한안과의사회 삼성스마일안과,myeongmunga_facility,"대전광역시서구대덕대로 203(둔산동, 둔산미래빌딩 10층)",,
mmg_3602,대한안과의사회 천안김안과신불당의원,myeongmunga_facility,"충청남도천안시 서북구불당33길 22(불당동, 불당고은타워 4층)",36.212174,127.108175
mmg_3603,대한안과의사회 천안김안과천안역본점의원,myeongmunga_facility,충청남도천안시 동남구중앙로 92(원성동),36.806769,127.152658
mmg_1186,대한안과의사회(맑은눈안과),myeongmunga_facility,"대전광역시서구청사로 14811층 (둔산동, 매그놀리아)",36.359634,127.380136
mmg_1192,대한안과의사회(보다안과),myeongmunga_facility,"대전광역시서구둔산중로 505층 (탄방동, 파이낸스)",36.350984,127.387269
mmg_1207,대한안과의사회(소중한빛안과),myeongmunga_facility,대전광역시서구계룡로 434(탄방동),36.34114,127.390862
mmg_2097,대한안과의사회-눈사랑안과,myeongmunga_facility,대전광역시서구대덕대로 2027층 (둔산동),36.35081,127.378627
mmg_2102,대한안과의사회-세종우리성모안과,myeongmunga_facility,세종특별자치시세종시한누리대로 273(나성동),,
mmg_3360,더알시티무인항공,myeongmunga_facility,충청남도논산시중앙로 278(취암동),,
mmg_2176,덕산스파뷰호텔,myeongmunga_facility,충청남도예산군덕산면온천단지2로 77(덕산면신평리),36.689622,126.660964
mmg_1255,독립기념관,myeongmunga_facility,충청남도천안시 동남구목천읍독립기념관로 1(목천읍남화리),36.786906,127.222742
mmg_2204,둔산직업전문학교,myeongmunga_facility,대전광역시서구문정로 66(탄방동),36.346412,127.386604
mmg_3356,뚜루뚜 무인항공교육센터,myeongmunga_facility,충청남도논산시부적면계백로 1575(부적면부황리),,
mmg_1270,라파엘플랜트 치과의원,myeongmunga_facility,"대전광역시중구계룡로 8072층 (용두동, 동아일보)",36.325559,127.409171
mmg_3897,로얄컴퓨터학원,myeongmunga_facility,"대전광역시유성구반석로 13602호(반석동, 웰빙타운)",36.391603,127.313081
mmg_2804,민들레의료복지사회적협동조합,myeongmunga_facility,대전광역시대덕구계족로663번길 26(법동),36.37102,127.427292
mmg_2642,밝은누리안과,myeongmunga_facility,"대전광역시서구둔산로 61(둔산동, 4층)",36.351885,127.380788
mmg_1315,백제병원,myeongmunga_facility,충청남도논산시시민로294번길 14(취암동),36.192348,127.09439
mmg_2050,베스트 정형외과,myeongmunga_facility,대전광역시유성구대학로 61(봉명동),36.359221,127.343071
mmg_3405,보령석탄박물관,myeongmunga_facility,충청남도보령시성주면성주산로 508(성주면개화리),,
mmg_3403,보령시 공영주차장,myeongmunga_facility,"충청남도보령시성주산로 77(명천동, 보령시청 교통과)",,
mmg_3407,보령시 목재문화체험장,myeongmunga_facility,충청남도보령시성주면성주산로 318- 57(성주면성주리),,
mmg_3408,보령시 문화예술회관,myeongmunga_facility,충청남도보령시성주산로 101(명천동),,
mmg_3406,보령시 보건소,myeongmunga_facility,충청남도보령시남포면보령남로 234(남포면봉덕리),,
mmg_3404,보령시 성주산자연휴양림,myeongmunga_facility,충청남도보령시성주면화장골길 57(성주면성주리),,
mmg_3401,보령시 주민자치센터,myeongmunga_facility,"충청남도보령시성주산로 77(명천동, 보령시청 새마을공동체과)",,
mmg_3402,보령시 체육시설,myeongmunga_facility,"충청남도보령시성주산로 77(명천동, 보령시청 체육진흥과)",,
mmg_3422,부여군 공영주차장,myeongmunga_facility,"충청남도부여군부여읍사비로 33(부여읍동남리, 부여군청 경제교통과 차량관리팀)",,
mmg_3424,부여군 보건소,myeongmunga_facility,충청남도부여군부여읍성왕로 205(부여읍구아리),,
mmg_3425,부여군 외산수리바위 캠핑정원,myeongmunga_facility,"충청남도부여군외산면만수로 98(외산면만수리, 관리사무소)",,
mmg_3423,부여군 체육시설,myeongmunga_facility,"충청남도부여군부여읍사비로 33(부여읍동남리, 부여군청 문화체육관광과 체육진흥팀)",,
mmg_3449,부여드론융합기술센터,myeongmunga_facility,충청남도부여군부여읍중정1길 60(부여읍중정리),,
mmg_3522,비엔피병원,myeongmunga_facility,"대전광역시유성구계룡로 81- 0(봉명동, 비엔피병원)",36.35459,127.33987
mmg_1337,비전직업전문학교,myeongmunga_facility,대전광역시중구중앙로 137- 275층 (선화동),36.331942,127.420963
mmg_3400,상소오토캠핑장,myeongmunga_facility,대전광역시동구산내로 748(상소동),,
mmg_2404,서산 버드랜드,myeongmunga_facility,충청남도서산시부석면천수만로 655- 73(부석면창리),36.631476,126.378311
mmg_2398,서산시 공영주차장,myeongmunga_facility,충청남도서산시관아문길 1(읍내동),,
mmg_2399,서산시 보건소,myeongmunga_facility,충청남도서산시호수공원6로 6(읍내동),,
mmg_2400,서산시 체육시설,myeongmunga_facility,충청남도서산시안견로 661(갈산동),,
mmg_3438,서천군 성경전래지기념관,myeongmunga_facility,충청남도서천군서면서인로 89- 16(서면마량리),,
mmg_3435,서천군 장항스카이워크,myeongmunga_facility,충청남도서천군장항읍장항산단로34번길 122- 16(장항읍송림리),,
mmg_3436,서천군 조류생태전시관,myeongmunga_facility,충청남도서천군마서면장산로 916(마서면도삼리),,
mmg_3434,서천군 체육시설,myeongmunga_facility,충청남도서천군마서면마서로 401(마서면남전리),,
mmg_2459,선샤인 스튜디오,myeongmunga_facility,충청남도논산시연무읍봉황로 90- 0(연무읍황화정리),36.104321,127.105203
mmg_1372,선치과병원,myeongmunga_facility,대전광역시중구대종로 645(중촌동),36.337855,127.414027
mmg_2831,세계영상의학과의원,myeongmunga_facility,"대전광역시중구계백로 17312층 (오류동, 제일가구프라자)",36.322817,127.411537
mmg_2427,세일직업전문학교,myeongmunga_facility,충청남도천안시 서북구성정두정로 12(성정동),36.826675,127.141458
mmg_1382,세잔IT직업전문학교,myeongmunga_facility,대전광역시중구중앙로137번길 36(선화동),36.330161,127.423564
mmg_2397,세종시 공영주차장,myeongmunga_facility,세종특별자치시세종시한누리대로 2130(보람동),,
mmg_3007,세종충남대학교병원,myeongmunga_facility,세종특별자치시세종시보듬7로 20(도담동),36.5199862,127.2580444
mmg_2669,스토리박스 스튜디오,myeongmunga_facility,"대전광역시중구중앙로 10(문화동, 서대전 속편한내과 건물 1층)",36.322507,127.413498
mmg_3355,신성대학교 드론교육센터,myeongmunga_facility,충청남도당진시정미면대학로 1(정미면덕마리),,
mmg_3394,아산 옹기발효음식전시체험관,myeongmunga_facility,충청남도아산시도고면도고산로 810(도고면신언리),,
mmg_3395,아산 장영실과학관,myeongmunga_facility,충청남도아산시실옥로 222(배미동),,
mmg_3707,아산장애인국민체육센터,myeongmunga_facility,충청남도아산시곡교천로27번길 33(실옥동),36.788779,126.9806398
mmg_2692,아이닉안과,myeongmunga_facility,"세종특별자치시세종시절재로 194404호(어진동, 세종중앙타운)",36.508365,127.262286
mmg_4103,안경매니져 서대전점,myeongmunga_facility,대전광역시중구계룡로 846(오류동),36.3251802,127.4088438
mmg_2714,엠제이피부과의원,myeongmunga_facility,대전광역시서구대덕대로 179- 0(둔산동),36.3494,127.376796
mmg_3428,예산 문예회관,myeongmunga_facility,충청남도예산군예산읍아리랑로 185- 14(예산읍예산리),,
mmg_3427,예산 봉수산자연휴양림,myeongmunga_facility,충청남도예산군대흥면임존성길 153(대흥면상중리),,
mmg_3426,예산 예당호모노레일,myeongmunga_facility,충청남도예산군응봉면예당관광로 158(응봉면등촌리),,
mmg_3431,예산군 공공도서관,myeongmunga_facility,충청남도예산군예산읍예중길 42(예산읍주교리),,
mmg_3430,예산군 보건소,myeongmunga_facility,충청남도서천군서천읍군청로 22(서천읍군사리),,
mmg_3429,예산군 체육시설,myeongmunga_facility,"충청남도예산군예산읍군청로 22(예산읍예산리, 예산군청 교육체육과 체육시설팀)",,
mmg_1449,오서산휴양림,myeongmunga_facility,충청남도보령시청라면오서산길 524(청라면장현리),36.45472,126.672206
mmg_3693,오송한의원,myeongmunga_facility,충청남도천안시 동남구수선정길 23(사직동),36.8036335,127.1516371
mmg_1462,용현휴양림,myeongmunga_facility,충청남도서산시운산면마애삼존불길 339(운산면용현리),36.748081,126.612482
mmg_2067,우쌤전산세무회계직업전문학교,myeongmunga_facility,대전광역시서구둔산서로 3(둔산동),36.346957,127.382593
mmg_4038,웃고문화사,myeongmunga_facility,,36.3364,127.4277
mmg_1482,유성선병원,myeongmunga_facility,대전광역시유성구북유성대로 93(지족동),36.37518,127.324803
mmg_3889,제일정보처리학원,myeongmunga_facility,"대전광역시중구대종로 4983층 (은행동, 동남빌딩)",36.330297,127.426023
mmg_3894,조쌤전산세무회계학원,myeongmunga_facility,"대전광역시서구둔산로31번길 10- 232호7층 (둔산동, 피카소빌딩)",36.352975,127.378232
mmg_4104,조치원 지니스안경,myeongmunga_facility,,36.6,127.29
mmg_1555,중앙환경직업전문학교,myeongmunga_facility,대전광역시중구테미로 53-1(대흥동),36.322484,127.422355
mmg_3398,천안 홍대용과학관,myeongmunga_facility,충청남도천안시 동남구수신면장산서길 113(수신면장산리),,
mmg_3396,천안시 공영주차장,myeongmunga_facility,"충청남도천안시 서북구번영로 156(불당동, 천안시청 교통정책과 주차장조성팀)",,
mmg_3433,천안시 주민자치센터,myeongmunga_facility,"충청남도천안시 서북구번영로 156(불당동, 천안시청)",,
mmg_3432,천안시 체육시설,myeongmunga_facility,"충청남도천안시 서북구번영로 156(불당동, 천안시청 체육진흥과)",,
mmg_2430,천안중앙직업전문학교,myeongmunga_facility,충청남도천안시 동남구문화로 162~4층 (대흥동),36.811825,127.148571
mmg_3397,천안축구센터,myeongmunga_facility,충청남도천안시 서북구축구센터로 150(성정동),,
mmg_2203,청남직업전문학교,myeongmunga_facility,대전광역시유성구장대로 58(장대동),36.360292,127.336142
mmg_3310,청양공영주차장,myeongmunga_facility,"충청남도청양군청양읍문화예술로 222(청양읍송방리, 청양군청 사회적경제과 교통지도팀)",,
mmg_3306,청양군 국민체육센터,myeongmunga_facility,"충청남도청양군청양읍충절로 1204(청양읍송방리, 청양구민체육센터)",,
mmg_3307,청양군 백제문화체험박물관,myeongmunga_facility,"충청남도청양군대치면장곡길 43- 24(대치면장곡리, 청양군 백제문화체험박물관)",36.406001,126.845677
mmg_3389,청양군 칠갑산자연휴양림,myeongmunga_facility,"충청남도청양군대치면칠갑산로 668- 119(대치면광대리, 대치면 광대리 산73)",,
mmg_3390,청양군 칠갑산천문대,myeongmunga_facility,충청남도청양군정산면한티고개길 178- 46(정산면마치리),,
mmg_3392,청양군 칠갑산휴양랜드,myeongmunga_facility,충청남도청양군대치면까치내로 815(대치면작천리),36.398459,126.851586
mmg_3308,청양군보건의료원,myeongmunga_facility,"충청남도청양군청양읍칠갑산로7길 54(청양읍읍내리, 청양군보건의료원)",36.45546,126.804583
mmg_3309,청양오토캠핑장,myeongmunga_facility,"충청남도청양군대치면까치내로 710(대치면작천리, 칠갑산오토캠핑장)",36.394232,126.863094
mmg_3538,청춘병원,myeongmunga_facility,대전광역시중구대종로 608(선화동),36.3358373,127.4173407
mmg_1590,충남 서산의료원,myeongmunga_facility,충청남도서산시중앙로 149(석림동),36.77541,126.465327
mmg_1591,충남 홍성의료원,myeongmunga_facility,충청남도홍성군홍성읍조양로 224(홍성읍고암리),36.598802,126.674332
mmg_3416,태안군 공영주차장,myeongmunga_facility,"충청남도태안군태안읍군청로 1(태안읍남문리, 태안군청 산업건설국 도시교통과 교통지도팀)",,
mmg_3417,태안군 보건소,myeongmunga_facility,충청남도태안군태안읍서해로 1952- 16(태안읍평천리),,
mmg_3418,태안군 청소년수련관,myeongmunga_facility,충청남도태안군태안읍백화로 199(태안읍동문리),,
mmg_3708,태안군 체육시설,myeongmunga_facility,"충청남도태안군태안읍군청로 1(태안읍남문리, 태안군청 교육체육과 체육시설팀)",,
mmg_4116,투모어휘트니스,myeongmunga_facility,대전광역시유성구봉명로 27(원신흥동),,
mmg_3892,학사컴퓨터학원,myeongmunga_facility,"대전광역시동구옥천로180번길 15401호(판암동, 리라빌딩)",36.327761,127.461901
mmg_4002,한국건강관리협회 대전충남지부,myeongmunga_facility,대전광역시서구계룡로 611(탄방동),36.340736,127.390972
mmg_2435,한국기계산업진흥회 기술교육원,myeongmunga_facility,충청남도천안시 서북구봉정로 345(두정동),36.779949,127.3088
mmg_3450,한국영상대학교 드론교육 공주지원,myeongmunga_facility,세종특별자치시세종시장군면대학길 300(장군면금암리),,
mmg_1636,한밭직업전문학교,myeongmunga_facility,대전광역시중구중앙로112번길 33(대흥동),36.325985,127.423362
mmg_3377,한성티앤아이,myeongmunga_facility,충청남도아산시선장면아산만로 728(선장면대흥리),,
mmg_3414,홍성군 고암이응노 생가기념관,myeongmunga_facility,충청남도홍성군홍북읍이응노로 61- 7(홍북읍중계리),,
mmg_3409,홍성군 공영주차장,myeongmunga_facility,"충청남도홍성군홍성읍아문길 27(홍성읍오관리, 홍성군청 건설교통과 교통지도팀)",,
mmg_3415,홍성군 남당항네트 어드벤처,myeongmunga_facility,충청남도홍성군서부면남당항로 171(서부면남당리),,
mmg_3410,홍성군 주민자치센터,myeongmunga_facility,"충청남도홍성군홍성읍아문길 27(홍성읍오관리, 홍성군청 행정지원과 행정팀)",,
mmg_1684,희리산휴양림,myeongmunga_facility,충청남도서천군종천면희리산길 206(종천면산천리),36.113063,126.665728
mmg_2689,(주)강촌레일파크,myeongmunga_facility,강원특별자치도춘천시신동면김유정로 1383(신동면증리),37.818336,127.711765
mmg_2890,365다담은 한방병원,myeongmunga_facility,"강원특별자치도춘천시춘천로 188(효자동, 메가시티건물 10층)",37.87626,127.7352
mmg_1024,가리왕산휴양림,myeongmunga_facility,강원특별자치도정선군정선읍가리왕산로 707(정선읍회동리),37.425599,128.567254
mmg_3205,강원대학교병원,myeongmunga_facility,강원특별자치도춘천시백령로 156(효자동),37.87546,127.7451
mmg_3004,강원도민프로축구단,myeongmunga_facility,"강원특별자치도춘천시스포츠타운길 124(송암동, 강원도민프로축구단)",37.87561,127.6791
mmg_3155,강원도영월의료원,myeongmunga_facility,강원특별자치도영월군영월읍중앙1로 59(영월읍영흥리),37.18666,128.4653
mmg_3207,강원특별자치도재활병원,myeongmunga_facility,강원특별자치도춘천시충열로142번길 24- 16(우두동),37.9037,127.7411
mmg_3314,교원예움 강원장례식장,myeongmunga_facility,강원특별자치도춘천시동내면순환대로 877(동내면거두리),37.85831,127.7757
mmg_3797,국제현대미술관,myeongmunga_facility,강원특별자치도영월군영월읍삼옥길 31(영월읍삼옥리),,
mmg_2687,그랜드우리안과,myeongmunga_facility,"강원특별자치도춘천시중앙로 68(중앙로2가, 2층)",37.881322,127.728347
mmg_2698,더잭슨나인스호텔,myeongmunga_facility,강원특별자치도춘천시중앙로 193- 0(근화동),37.87384,127.7141
mmg_1266,두타산휴양림,myeongmunga_facility,강원특별자치도평창군진부면아차골길 132(진부면수항리),37.562482,128.571823
mmg_2688,롯데시네마 춘천점,myeongmunga_facility,"강원특별자치도춘천시중앙로67번길 186동(죽림동, 브라운5번가)",37.878053,127.727656
mmg_3806,만봉불화박물관,myeongmunga_facility,강원특별자치도영월군김삿갓면망경대산길 135- 3(김삿갓면예밀리),,
mmg_2478,머슬핏휘트니스,myeongmunga_facility,"강원특별자치도춘천시후석로 314(후평동, 송암빌딩 2층)",37.87919,127.750806
mmg_3905,미래컴퓨터학원,myeongmunga_facility,"강원특별자치도원주시치악로 1798- 1(개운동, 2층)",37.34,127.95
mmg_1313,방태산휴양림,myeongmunga_facility,강원특별자치도인제군기린면방태산길 241(기린면방동리),37.927783,128.395412
mmg_1314,백운산휴양림,myeongmunga_facility,강원특별자치도원주시판부면백운산길 81(판부면서곡리),37.271587,127.941646
mmg_1322,복주산휴양림,myeongmunga_facility,강원특별자치도철원군근남면하오재로 818(근남면잠곡리),38.143722,127.473226
mmg_1345,삼봉휴양림,myeongmunga_facility,강원특별자치도홍천군내면삼봉휴양길 276(내면광원리),37.865328,128.464176
mmg_2253,상지대부속한방병원,myeongmunga_facility,강원특별자치도원주시상지대길 80(우산동),37.37062,127.9343
mmg_1134,소노벨 비발디파크,myeongmunga_facility,강원특별자치도홍천군서면한치골길 262(서면팔봉리),37.646634,127.681329
mmg_1426,애니메이션박물관,myeongmunga_facility,강원특별자치도춘천시서면박사로 854(서면현암리),37.893293,127.691393
mmg_2617,양구 국토정중앙천문대,myeongmunga_facility,강원도양구군남면국토정중앙로 127(남면도촌리),38.06898,128.0298
mmg_2616,양구 두타연,myeongmunga_facility,,38.24705,127.9822
mmg_2618,양구 박수근미술관,myeongmunga_facility,강원특별자치도양구군양구읍박수근로 265- 15(양구읍정림리),38.09648,127.9817
mmg_2844,양구DMZ조이나믹 체험장,myeongmunga_facility,강원특별자치도양구군해안면해안서화로 47- 6(해안면후리),38.31256,128.1447
mmg_2613,양구국민체육센터,myeongmunga_facility,강원특별자치도양구군양구읍박수근로 366- 33(양구읍상리),38.10648,127.9816
mmg_2845,양구수목원,myeongmunga_facility,강원특별자치도양구군동면숨골로310번길 131(동면원당리),38.1902,128.0801
mmg_2612,양구청소년수련관수영장,myeongmunga_facility,강원특별자치도양구군양구읍박수근로 366- 27(양구읍상리),38.10589,127.9817
mmg_2615,양구통일관,myeongmunga_facility,강원특별자치도양구군해안면해안서화로 35(해안면후리),38.28978,128.1458
mmg_1440,연세대학교원주세브란스병원,myeongmunga_facility,강원특별자치도원주시일산로 20(일산동),37.348469,127.945184
mmg_3102,영월 동서강정원,myeongmunga_facility,강원특별자치도영월군남면연당로 76- 16(남면연당리),37.18898,128.4121
mmg_3799,영월곤충박물관,myeongmunga_facility,"강원특별자치도영월군영월읍동강로 95(영월읍영흥리, 176)",,
mmg_3098,영월관광센터,myeongmunga_facility,강원특별자치도영월군영월읍청령포로 126- 3(영월읍방절리),37.17991,128.4463
mmg_3099,영월군 공공체육시설,myeongmunga_facility,,,
mmg_3100,영월군 공립박물관 ·미술관,myeongmunga_facility,,,
mmg_3101,영월군 지정문화재,myeongmunga_facility,,,
mmg_3804,영월미디어기자박물관,myeongmunga_facility,강원특별자치도영월군한반도면서강로 1094(한반도면광전리),,
mmg_3803,영월아프리카미술박물관,myeongmunga_facility,강원특별자치도영월군김삿갓면영월동로 1117(김삿갓면진별리),,
mmg_3807,영월지오뮤지엄박물관,myeongmunga_facility,강원특별자치도영월군북면밤재로 7(북면문곡리),,
mmg_3801,영월화석박물관,myeongmunga_facility,강원특별자치도영월군주천면평창강로 139(주천면판운리),,
mmg_1458,용대휴양림,myeongmunga_facility,강원특별자치도인제군북면연화동길 251- 0(북면용대리),38.210935,128.31667
mmg_1463,용화산휴양림,myeongmunga_facility,강원특별자치도춘천시사북면사여골길 294(사북면고성리),38.011348,127.760338
mmg_2840,원주근로자종합복지관,myeongmunga_facility,강원특별자치도원주시우산공단길 24(우산동),37.37545,127.9411
mmg_2305,원주시 공영주차장,myeongmunga_facility,,,
mmg_2843,원주시 체육시설,myeongmunga_facility,,,
mmg_2842,원주시자연휴양림,myeongmunga_facility,,,
mmg_1476,원주의료원,myeongmunga_facility,강원특별자치도원주시서원대로 387(개운동),37.333007,127.948907
mmg_2816,웰리힐리파크,myeongmunga_facility,강원특별자치도횡성군둔내면고원로 451(둔내면둔방내리),37.48588,128.2473
mmg_2575,유디중앙로치과의원,myeongmunga_facility,"강원특별자치도춘천시중앙로 59(중앙로2가, 유디치과빌딩 5층 501호)",37.879799,127.727221
mmg_3805,인도미술박물관,myeongmunga_facility,강원특별자치도영월군주천면송학주천로 899- 6(주천면금마리),,
mmg_1493,인성병원,myeongmunga_facility,강원특별자치도춘천시금강로 39(낙원동),37.881411,127.726559
mmg_2791,인제군 국민여가 캠핑장,myeongmunga_facility,강원특별자치도인제군기린면조침령로 1235- 14(기린면진동리),37.96893,128.4198
mmg_2851,인제군 보건소,myeongmunga_facility,강원특별자치도인제군인제읍인제로140번길 34(인제읍남북리),38.06366,128.1687
mmg_2793,인제군 사회복지관 시설,myeongmunga_facility,강원특별자치도인제군인제읍비봉로44번길 100(인제읍남북리),38.06087,128.1653
mmg_2792,인제군 장사시설,myeongmunga_facility,,38.00161,128.1628
mmg_2852,인제군 주민자치센터,myeongmunga_facility,,,
mmg_2790,인제군 주차장 시설,myeongmunga_facility,,,
mmg_2794,인제군 한국DMZ평화생명동산,myeongmunga_facility,강원특별자치도인제군서화면금강로 1630(서화면서화리),38.24182,128.2087
mmg_2631,정선 화암관광지,myeongmunga_facility,강원특별자치도정선군화암면약수길 1300(화암면화암리),37.32733,128.7845
mmg_2629,정선공영주차장,myeongmunga_facility,,,
mmg_2846,정선군 군립공원,myeongmunga_facility,"강원특별자치도정선군정선읍병방치길 - 0(정선읍북실리, 정선읍 북실리 일대)",37.36883,128.6351
mmg_2632,정선군 장사시설,myeongmunga_facility,"강원특별자치도정선군여량면서동로 3867- 26(여량면남곡리, 정선하늘터 - 정선군 사북읍 소금강로 3500-34)",37.50446,128.7938
mmg_2630,정선군 체육시설물,myeongmunga_facility,강원특별자치도정선군정선읍녹송4길 51(정선읍애산리),,
mmg_2633,정선보건소,myeongmunga_facility,강원특별자치도정선군정선읍봉양3길 21(정선읍봉양리),37.38012,128.6713
mmg_3798,조선민화박물관,myeongmunga_facility,"강원특별자치도영월군김삿갓면김삿갓로 432(김삿갓면와석리, 432-10)",,
mmg_2789,철원군 고석정 및 철의 삼각지,myeongmunga_facility,강원특별자치도철원군동송읍태봉로 1825(동송읍장흥리),38.18539,127.288
mmg_2788,철원군 두루엘 숲속 문화촌,myeongmunga_facility,강원특별자치도철원군갈말읍지경1길 59(갈말읍지경리),38.22708,127.3559
mmg_2786,철원군 병영체험수련시설,myeongmunga_facility,강원특별자치도철원군갈말읍텃골4길 3- 26(갈말읍문혜리),38.19628,127.3768
mmg_2849,철원군 작은영화관,myeongmunga_facility,강원특별자치도철원군철원읍금학로252번길 23(철원읍화지리),38.21492,127.2209
mmg_2787,철원군 종합문화복지센터,myeongmunga_facility,강원특별자치도철원군철원읍금학로330번길 12(철원읍화지리),38.21677,127.2137
mmg_2783,철원군 체육시설물,myeongmunga_facility,,,
mmg_2785,철원군 평생교육진흥원,myeongmunga_facility,강원특별자치도철원군갈말읍군탄로 65(갈말읍군탄리),38.14921,127.3083
mmg_2850,철원군 한탄강 관광시설,myeongmunga_facility,,,
mmg_2784,철원군 화강문화센터,myeongmunga_facility,강원특별자치도철원군서면약수로 3(서면와수리),38.24504,127.4277
mmg_2440,철원병원,myeongmunga_facility,강원특별자치도철원군갈말읍명성로 208(갈말읍군탄리),38.15032,127.30812
mmg_3018,철원역사공원,myeongmunga_facility,강원특별자치도철원군철원읍금강산로 262(철원읍사요리),38.25523,127.2004
mmg_1586,청태산휴양림,myeongmunga_facility,강원특별자치도횡성군둔내면청태산로 610(둔내면삽교리),37.522888,128.290678
mmg_3120,춘천 삼악산 호수케이블카,myeongmunga_facility,강원특별자치도춘천시스포츠타운길 245(삼천동),37.86573,127.6914
mmg_3543,춘천막국수체험박물관,myeongmunga_facility,강원특별자치도춘천시신북읍신북로 264(신북읍산천리),37.94855,127.7455
mmg_2304,춘천시공영주차장,myeongmunga_facility,,,
mmg_3793,통나무집닭갈비,myeongmunga_facility,강원특별자치도춘천시신북읍신샘밭로 763(신북읍천전리),,
mmg_2467,팀바디매스,myeongmunga_facility,"강원특별자치도춘천시지석로 80(퇴계동, B101)",37.85052,127.743738
mmg_2584,팔봉산유원지,myeongmunga_facility,강원특별자치도홍천군서면한치골길 1124(서면어유포리),37.70392,127.6939
mmg_3157,평창군 광천선굴 어드벤쳐 테마파크,myeongmunga_facility,,37.51913,128.4504
mmg_3158,평창군 대관령휴게소 주차장,myeongmunga_facility,강원특별자치도평창군대관령면경강로 5721(대관령면횡계리),37.68505,128.7541
mmg_3159,평창군 마하생태관광지,myeongmunga_facility,강원특별자치도평창군미탄면문희길 63(미탄면마하리),37.28479,128.5777
mmg_3160,평창군 야영장,myeongmunga_facility,,,
mmg_3156,평창군보건의료원,myeongmunga_facility,강원특별자치도평창군평창읍노성로 11(평창읍하리),37.36898,128.3906
mmg_3161,평창돌문화체험관,myeongmunga_facility,강원특별자치도평창군평창읍바위공원길 111(평창읍중리),37.37137,128.3902
mmg_2166,하이원리조트(강원랜드),myeongmunga_facility,강원특별자치도정선군고한읍하이원길 265(고한읍고한리),37.219524,128.835795
mmg_2542,한국건강관리협회 강원도지부,myeongmunga_facility,강원특별자치도춘천시남춘로 50(효자동),37.865042,127.732594
mmg_1633,한림대학교 춘천성심병원,myeongmunga_facility,강원특별자치도춘천시삭주로 77(교동),37.883971,127.739896
mmg_2534,허브나라농원,myeongmunga_facility,강원특별자치도평창군봉평면흥정계곡길 225(봉평면흥정리),37.636208,128.34257
mmg_3947,현대컴퓨터학원,myeongmunga_facility,강원특별자치도양구군양구읍우정로119번길 19(양구읍상리),38.1,127.98
mmg_3802,호안다구박물관,myeongmunga_facility,강원특별자치도영월군김삿갓면내리계곡로 1088(김삿갓면내리),,
mmg_3800,호야지리박물관,myeongmunga_facility,강원특별자치도영월군주천면무릉법흥로 303(주천면주천리),,
mmg_2738,홍천가리산휴양림,myeongmunga_facility,"강원특별자치도홍천군두촌면가리산길 426- 0(두촌면천현리, 가리산휴양림)",37.87401,127.9609
mmg_2516,홍천군 국민체육센터,myeongmunga_facility,강원특별자치도홍천군홍천읍태학여내길 31(홍천읍태학리),37.7093,127.9064
mmg_2520,홍천군 주차장,myeongmunga_facility,,,
mmg_2518,홍천군 홍천생명건강과학관,myeongmunga_facility,강원특별자치도홍천군홍천읍생명과학관길 78(홍천읍연봉리),37.67937,127.8805
mmg_2514,홍천군종합사회복지관,myeongmunga_facility,강원특별자치도홍천군홍천읍너브내길 123(홍천읍진리),37.69183,127.8916
mmg_3581,화천 아쿠아틱리조트,myeongmunga_facility,강원특별자치도화천군하남면호수길 254(하남면원천리),38.04498,127.6691
mmg_3580,화천공원묘원,myeongmunga_facility,강원특별자치도화천군하남면영서로 5697- 66(하남면원천리),38.07172,127.6779
mmg_3579,화천군 공설장례식장,myeongmunga_facility,강원특별자치도화천군하남면영서로 5697- 66(하남면원천리),38.07172,127.6779
mmg_3591,화천군 공영주차장,myeongmunga_facility,,,
mmg_3582,화천군 관광지,myeongmunga_facility,,,
mmg_3590,화천군 광덕산 조경철 천문대,myeongmunga_facility,강원특별자치도화천군사내면천문대길 431(사내면광덕리),38.11873,127.4339
mmg_3586,화천군 백암산케이블카,myeongmunga_facility,강원특별자치도화천군하남면춘화로 3351(하남면위라리),38.0987,127.7066
mmg_3594,화천군 보건의료원 등,myeongmunga_facility,,,
mmg_3585,화천군 산천어커피박물관,myeongmunga_facility,강원특별자치도화천군화천읍상승로2길 21(화천읍하리),38.10612,127.7037
mmg_3588,화천군 생활문화센터,myeongmunga_facility,,,
mmg_3583,화천군 야영장,myeongmunga_facility,,,
mmg_3587,화천군 영화관,myeongmunga_facility,,,
mmg_3578,화천군 읍면 종합문화센터,myeongmunga_facility,,,
mmg_3584,화천군 청정아리 풍차펜션,myeongmunga_facility,강원특별자치도화천군상서면만산동로 987(상서면구운리),38.13795,127.6219
mmg_3589,화천군 체육시설,myeongmunga_facility,,,
mmg_3592,화천목재문화체험장,myeongmunga_facility,강원특별자치도화천군하남면영서로 5289- 11(하남면계성리),38.06723,127.6449
mmg_3593,화천산약초마을,myeongmunga_facility,강원특별자치도화천군상서면갈목길 131(상서면봉오리),38.15692,127.5954
mmg_2847,횡성군 공영주차장,myeongmunga_facility,,,
mmg_2848,횡성군 평생학습관,myeongmunga_facility,,,
mmg_2159,(주)바일테크놀러지,myeongmunga_facility,충청북도진천군진천읍장관1길 41- 12(진천읍장관리),36.871368,127.417521
mmg_3703,(주)제일,myeongmunga_facility,충청북도음성군생극면차생로 659(생극면차평리),37.048757,127.61565
mmg_3318,(주)충주호크루즈,myeongmunga_facility,충청북도충주시동량면지등로 882(동량면화암리),36.99709,128.005069
mmg_2208,(주)한얼누리,myeongmunga_facility,"충청북도음성군삼성면선정로97번길 90- 4(삼성면선정리, 한얼누리)",36.995367,127.518219
mmg_2238,괴산군 보건소,myeongmunga_facility,"충청북도괴산군괴산읍동진천길 43(괴산읍동부리, 괴산군 보건소)",36.808061,127.796605
mmg_2028,금성제지기계,myeongmunga_facility,충청북도충주시충주산단7로 69(용탄동),37.015124,127.953828
mmg_2691,김영태신경외과의원,myeongmunga_facility,충청북도청주시 상당구단재로 21- 1(석교동),36.6264717,127.492949
mmg_2029,김치나라,myeongmunga_facility,충청북도충주시노은면솔고개로 712(노은면신효리),37.028841,127.776198
mmg_2768,대한미용사회 충청북도지회,myeongmunga_facility,충청북도청주시 서원구무심서로 4432층 (사직동),36.631883,127.48102
mmg_3251,대한안과의사회(청주 김안과),myeongmunga_facility,충청북도청주시 서원구사직대로 882층 (사창동),36.6345942,127.4570794
mmg_3252,대한안과의사회(충주성모안과),myeongmunga_facility,충청북도충주시중앙로 33(문화동),36.973094,127.92692
mmg_3250,대한안과의사회(충주온빛밝은안과,myeongmunga_facility,충청북도충주시봉계1길 42(봉방동),36.9802791,127.9149472
mmg_3784,동대문구 청풍 유스호스텔,myeongmunga_facility,충청북도제천시청풍면청풍호로 2139(청풍면물태리),36.9975,128.1689
mmg_2031,디엔피코퍼레이션,myeongmunga_facility,충청북도증평군증평읍초정약수로 1549(증평읍내성리),36.769446,127.601126
mmg_3845,맥아당,myeongmunga_facility,"충청북도청주시 서원구사운로 88(사직동, 맥아당 앤 직지빵)",36.637117,127.479415
mmg_2032,메디쎄이,myeongmunga_facility,충청북도제천시한방엑스포로 129(왕암동),37.147709,128.148157
mmg_2894,보은군 공영주차장,myeongmunga_facility,"충청북도보은군보은읍군청길 38(보은읍이평리, 보은군청)",36.48947,127.729577
mmg_3206,보은군민체육센터,myeongmunga_facility,충청북도보은군보은읍군청길 38- 1(보은읍이평리),36.4885019,127.7292634
mmg_2830,보은한양병원,myeongmunga_facility,충청북도보은군보은읍보은로 102(보은읍삼산리),36.483239,127.718134
mmg_3200,보훈휴양원,myeongmunga_facility,충청북도충주시중앙탑면수룡봉황길 553- 17(중앙탑면봉황리),37.0580503,127.8315353
mmg_3194,브이쿨 킹카,myeongmunga_facility,충청북도청주시 청원구무심동로 590(우암동),36.652506,127.4784722
mmg_3006,블랙스톤 벨포레,myeongmunga_facility,충청북도증평군도안면벨포레길 346- 0(도안면연촌리),34.845827,127.583431
mmg_2543,뿌리병원,myeongmunga_facility,충청북도청주시 청원구내덕로 56(내덕동),36.65688,127.486952
mmg_3683,삼성자동차운전전문학원,myeongmunga_facility,충청북도청주시 흥덕구평동로 29(향정동),36.6537182,127.4246951
mmg_2733,상당산성자연휴양림,myeongmunga_facility,충청북도청주시 청원구내수읍덕암2길 162(내수읍덕암리),36.6782083,127.5469432
mmg_3183,서울영상의학과·내과의원,myeongmunga_facility,충청북도청주시 서원구월평로 4(분평동),36.6109322,127.4855417
mmg_1367,서원대학교,myeongmunga_facility,충청북도청주시 서원구무심서로 377- 3(모충동),36.625158,127.482169
mmg_3542,성안길상점가상인회 주차장,myeongmunga_facility,충청북도청주시 상당구상당로59번길 59(서문동),36.6335944,127.487322
mmg_3139,세명대학교 부속 제천한방병원,myeongmunga_facility,충청북도제천시세명로 66(모산동),37.1812912,128.1998594
mmg_3138,세명대학교 부속 충주한방병원,myeongmunga_facility,충청북도충주시상방4길 63(봉방동),36.9708945,127.9151987
mmg_1132,소노문 단양,myeongmunga_facility,충청북도단양군단양읍삼봉로 187- 17(단양읍상진리),36.977663,128.362293
mmg_1387,속리산말티재휴양림,myeongmunga_facility,충청북도보은군장안면속리산로 256(장안면장재리),36.490888,127.782936
mmg_4004,씨엔씨재활의학과병원,myeongmunga_facility,충청북도청주시 흥덕구서현북로 83(가경동),36.622963,127.431206
mmg_3991,씨엔씨푸른병원,myeongmunga_facility,충청북도청주시 흥덕구2순환로 1234(강서동),36.626106,127.429723
mmg_2047,아이앤에스,myeongmunga_facility,충청북도청주시 흥덕구옥산면호죽화산로 172(옥산면호죽리),36.673602,127.475388
mmg_4005,아이엠재활병원,myeongmunga_facility,충청북도청주시 서원구청남로 2140(모충동),36.62371,127.488565
mmg_2207,아주자동차공업사,myeongmunga_facility,"충청북도청주시 흥덕구사운로374번길 66(신봉동, 아주자동차공업사)",36.659496,127.469159
mmg_2037,엄마사랑,myeongmunga_facility,충청북도청주시 청원구오창읍양청송대길 95(오창읍송대리),36.719356,127.443298
mmg_2038,에코트로닉스,myeongmunga_facility,충청북도진천군문백면사양2길 86(문백면사양리),36.841487,127.4634
mmg_2907,영동군 난계국악박물관,myeongmunga_facility,"충청북도영동군심천면국악로 9(심천면고당리, 난계국악박물관)",36.210235,127.704975
mmg_3121,오창호수병원,myeongmunga_facility,충청북도청주시 청원구오창읍중심상업1로 54(오창읍양청리),36.71487,127.427684
mmg_3839,옥산치과,myeongmunga_facility,충청북도청주시 흥덕구오송읍오송생명로 206(오송읍만수리),36.630449,127.331615
mmg_2896,옥천군 공영주차장,myeongmunga_facility,"충청북도옥천군옥천읍중앙로 99(옥천읍삼양리, 옥천군청)",36.30641,127.571363
mmg_2900,옥천군 노인복지관,myeongmunga_facility,"충청북도옥천군옥천읍삼양로8길 9(옥천읍삼양리, 옥천군 노인복지관)",36.304641,127.569595
mmg_2899,옥천군 보건소,myeongmunga_facility,"충청북도옥천군옥천읍삼양로8길 10(옥천읍삼양리, 옥천군보건소)",36.3042291,127.5701585
mmg_2902,옥천군 여성회관,myeongmunga_facility,"충청북도옥천군옥천읍동부로 15- 1(옥천읍문정리, 옥천군 여성회관)",36.3071523,127.5747833
mmg_2906,옥천군 체육시설,myeongmunga_facility,"충청북도옥천군옥천읍동부로 39- 1(옥천읍문정리, 옥천국민체육센터)",36.3062664,127.5778416
mmg_2905,옥천군농업기술센터,myeongmunga_facility,"충청북도옥천군옥천읍옥천동이로 234(옥천읍매화리, 옥천군 농업기술센터)",36.2996885,127.595831
mmg_1450,옥천성모병원,myeongmunga_facility,충청북도옥천군옥천읍성왕로 1195(옥천읍문정리),36.313708,127.571949
mmg_2903,옥천전통문화체험관,myeongmunga_facility,"충청북도옥천군옥천읍향수길 100(옥천읍하계리, 옥천전통문화체험관)",36.316533,127.58559
mmg_4086,육대산,myeongmunga_facility,"충청북도청주시 청원구율량로202번길 22(율량동, 1층 육대산)",36.665445,127.497701
mmg_2909,음성군 보건소,myeongmunga_facility,"충청북도음성군음성읍중앙로 49(음성읍읍내리, 음성군 보건소)",36.928817,127.688813
mmg_2910,음성군 체육시설,myeongmunga_facility,충청북도음성군음성읍중앙로 173(음성읍읍내리),36.9400897,127.6904397
mmg_2210,인창한의원,myeongmunga_facility,"충청북도청주시 서원구호국로 89(사직동, 인창한의원)",36.634213,127.476114
mmg_2546,일등플란트치과,myeongmunga_facility,충청북도청주시 상당구상당로 102- 0(북문로2가),36.637458,127.490486
mmg_2904,장령산자연휴양림,myeongmunga_facility,"충청북도옥천군군서면장령산로 519(군서면금산리, 옥천군 장령산 자연휴양림)",36.246417,127.555593
mmg_2548,전하울산촌생태마을,myeongmunga_facility,충청북도청주시 상당구낭성면호정전하울길 99- 45(낭성면호정리),36.613239,127.605627
mmg_3210,제일조은병원,myeongmunga_facility,충청북도음성군금왕읍음성로1230번길 12(금왕읍금석리),36.99764,127.598452
mmg_2908,제천 의림지 역사박물관,myeongmunga_facility,"충청북도제천시의림대로47길 7(모산동, 의림지 역사박물관)",37.176189,128.209523
mmg_2767,제천서울병원,myeongmunga_facility,충청북도제천시숭문로 57(서부동),37.138822,128.206203
mmg_2468,조령산 자연휴양림,myeongmunga_facility,충청북도괴산군연풍면새재로 1795(연풍면원풍리),36.8120957,128.0470655
mmg_2237,증평군 공영주차장,myeongmunga_facility,"충청북도증평군증평읍광장로 88(증평읍창동리, 증평군청)",36.784931,127.58107
mmg_2235,증평군 보건소,myeongmunga_facility,충청북도증평군증평읍보건복지로 64- 1(증평읍내성리),36.774439,127.586753
mmg_2236,증평군 장사시설,myeongmunga_facility,"충청북도음성군금왕읍덕금로 936- 61(금왕읍용계리, 증평 추모의 집(공설봉안당))",36.966281,127.589823
mmg_3705,지오어플라이언스,myeongmunga_facility,충청북도진천군이월면밤디길 65- 51(이월면신월리),36.921686,127.453314
mmg_2198,진천 국민체육센터,myeongmunga_facility,충청북도진천군진천읍문화로 69- 11(진천읍교성리),36.848047,127.441938
mmg_2194,진천 종박물관,myeongmunga_facility,충청북도진천군진천읍백곡로 1504- 12(진천읍장관리),36.869836,127.413804
mmg_2199,진천군 보건소,myeongmunga_facility,충청북도진천군진천읍중앙북1길 11- 8(진천읍벽암리),36.8605567,127.4396392
mmg_2197,진천군 장사시설,myeongmunga_facility,충청북도진천군진천읍백곡로 1465- 34(진천읍장관리),36.873247,127.41539
mmg_2195,진천군립 생거판화미술관,myeongmunga_facility,충청북도진천군진천읍백곡로 1504- 10(진천읍장관리),36.869836,127.413804
mmg_2563,참사랑병원,myeongmunga_facility,충청북도청주시 서원구청남로 1910(미평동),36.603626,127.480298
mmg_2042,창명제어기술,myeongmunga_facility,충청북도청주시 청원구북이면대율내추길 325(북이면내추리),36.756403,127.548001
mmg_1576,청남대,myeongmunga_facility,충청북도청주시 상당구문의면청남대길 646(문의면신대리),36.459924,127.488401
mmg_2476,청주대학교,myeongmunga_facility,충청북도청주시 청원구대성로 298(내덕동),36.652478,127.495308
mmg_1582,청주동물원,myeongmunga_facility,충청북도청주시 상당구명암로 224- 0(명암동),36.651988,127.523121
mmg_2700,청주마이크로병원,myeongmunga_facility,충청북도청주시 흥덕구사직대로 26(복대동),36.6340286,127.4502261
mmg_4008,청주수영장,myeongmunga_facility,충청북도청주시 서원구흥덕로 61(사직동),36.640973,127.470954
mmg_1584,청주시 공영주차장,myeongmunga_facility,"충청북도청주시 서원구흥덕로 61(사직동, 청주시시설관리공단)",36.641172,127.470378
mmg_2111,청주시립미술관,myeongmunga_facility,충청북도청주시 서원구충렬로18번길 50(사직동),36.634648,127.478283
mmg_2055,청주시립요양병원,myeongmunga_facility,충청북도청주시 서원구궁뜰로62번길 29(장성동),36.596116,127.481864
mmg_3195,청주육거리자동차밧데리할인매장,myeongmunga_facility,충청북도청주시 상당구대성로 61(서운동),36.6309424,127.4927555
mmg_3114,청주의료원,myeongmunga_facility,충청북도청주시 서원구흥덕로 48- 0(사직동),36.640336,127.473179
mmg_2545,청주자생한방병원,myeongmunga_facility,"충청북도청주시 상당구상당로 66(문화동, 나보나스퀘어 4~6층)",36.634263,127.490895
mmg_4088,청주탑병원,myeongmunga_facility,"충청북도청주시 상당구교서로 1(영동, 1~5층)",36.637083,127.485927
mmg_2808,청주필한방병원,myeongmunga_facility,충청북도청주시 흥덕구강서로 1074~5층 (강서동),36.625149,127.428232
mmg_2544,청주현대병원,myeongmunga_facility,충청북도청주시 흥덕구비하로 65(비하동),36.632886,127.42458
mmg_3187,충북대학교병원,myeongmunga_facility,충청북도청주시 서원구1순환로 776(개신동),36.6238683,127.4616107
mmg_3977,충북도립노인전문병원,myeongmunga_facility,충청북도청주시 서원구청남로 1910(미평동),36.60369,127.480366
mmg_3830,충북청주프로축구단,myeongmunga_facility,"충청북도청주시 흥덕구가포산로 124(휴암동, 2층(충북청주프로축구단 사무국))",36.615759,127.414119
mmg_2406,충주시 공영주차장,myeongmunga_facility,"충청북도충주시탄금대로 117(문화동, 충주시시설관리공단)",36.979206,127.995394
mmg_1593,충주의료원,myeongmunga_facility,충청북도충주시안림로 239- 50(안림동),36.979604,127.970322
mmg_3573,충주이강한방병원,myeongmunga_facility,충청북도충주시번영대로 109(연수동),36.987518,127.929777
mmg_1594,충청북도청 주차장,myeongmunga_facility,"충청북도청주시 상당구상당로 82(문화동, 충청북도청)",36.635809,127.491334
mmg_2162,태웅식품(주),myeongmunga_facility,충청북도음성군대소면대금로196번길 21(대소면대풍리),36.976915,127.465824
mmg_3035,테일러메이드골프볼코리아,myeongmunga_facility,충청북도청주시 흥덕구공단로98번길 97(송정동),36.640278,127.444745
mmg_3596,통신특판 바나나폰,myeongmunga_facility,충청북도청주시 흥덕구1순환로523번길 51(신봉동),36.6460627,127.4678388
mmg_1621,하나병원,myeongmunga_facility,충청북도청주시 흥덕구2순환로 1262(가경동),36.623566,127.430196
mmg_3303,한국건강관리협회 충북세종지부,myeongmunga_facility,충청북도청주시 흥덕구직지대로 631(봉명동),36.6434154,127.4631741
mmg_1625,한국병원,myeongmunga_facility,충청북도청주시 상당구단재로 106(영운동),36.619658,127.496322
mmg_2045,한길이에스티,myeongmunga_facility,충청북도청주시 청원구오창읍팔결로 399- 8(오창읍가곡리),36.717292,127.472674
mmg_1677,황정산휴양림,myeongmunga_facility,충청북도단양군대강면황정산로 239- 11(대강면올산리),36.841288,128.349737
mmg_1681,효성병원,myeongmunga_facility,충청북도청주시 상당구쇠내로 16(금천동),36.624447,127.495528
mmg_2562,효성병원 장례식장,myeongmunga_facility,충청북도청주시 청원구2순환로94번길 21(율량동),36.668752,127.505144
mmg_3485,1001안경원 전주오거리점,myeongmunga_facility,전북특별자치도전주시 완산구전주객사5길 73- 24(고사동),35.821402,127.1440853
mmg_3491,1001안경콘택트 전주효자점,myeongmunga_facility,전북특별자치도전주시 완산구용머리로 56(효자동1가),35.8063871,127.1164717
mmg_3242,강천힐링스파,myeongmunga_facility,,35.4039,127.0858
mmg_3201,개벽장학회,myeongmunga_facility,전북특별자치도전주시 덕진구만성중앙로 54- 494층 (만성동),35.8415,127.0776
mmg_3935,거성컴퓨터학원,myeongmunga_facility,"전북특별자치도군산시월명로 466(명산동, 반석신협 3층)",35.9835856,126.7098361
mmg_4075,고창군 람사르 운곡습지 유스호스텔,myeongmunga_facility,전북특별자치도고창군아산면운곡로 91(아산면용계리),35.4673109,126.6334572
mmg_4077,고창군 선운산유스호스텔,myeongmunga_facility,전북특별자치도고창군아산면선운사로 158- 36(아산면삼인리),35.50357,126.5832549
mmg_4076,고창군 체육시설,myeongmunga_facility,"전북특별자치도고창군고창읍중앙로 245(고창읍교촌리, 고창군청)",35.4358411,126.7021133
mmg_3684,군산의료원,myeongmunga_facility,전북특별자치도군산시의료원로 27(지곡동),35.9547096,126.7124478
mmg_3986,금성장례식장,myeongmunga_facility,전북특별자치도전주시 덕진구가리내로 670(송천동2가),35.867803,127.1085521
mmg_4069,김제시 문화체육시설,myeongmunga_facility,"전북특별자치도김제시중앙로 40(서암동, 체육진흥과)",35.8033696,126.8805949
mmg_4066,김제시 벽골제,myeongmunga_facility,전북특별자치도김제시부량면벽골제로 442(부량면신용리),35.7529782,126.8524602
mmg_4068,김제시 보건소,myeongmunga_facility,전북특별자치도김제시성산길 138(요촌동),35.8007567,126.8833073
mmg_4067,김제시 주민자치센터,myeongmunga_facility,"전북특별자치도김제시중앙로 40(서암동, 행정지원과)",35.8034351,126.8805909
mmg_3937,뉴월드컴퓨터학원,myeongmunga_facility,전북특별자치도익산시부송1로 59(부송동),35.9577605,126.9886533
mmg_3482,다라이,myeongmunga_facility,전북특별자치도전주시 완산구관선4길 41층 (남노송동),35.8228334,127.1543065
mmg_3489,다비치안경 전주서신점,myeongmunga_facility,전북특별자치도전주시 완산구백제대로 438(서신동),35.8323756,127.123165
mmg_4006,다비치안경 전주중앙로웨딩거리점,myeongmunga_facility,전북특별자치도전주시 완산구충경로 48(중앙동3가),35.8176662,127.1444561
mmg_3486,다비치안경 전주평화사거리점,myeongmunga_facility,전북특별자치도전주시 완산구백제대로 6(평화동1가),35.7961723,127.1327997
mmg_1452,대한안과의사회 온누리안과,myeongmunga_facility,전북특별자치도전주시 완산구백제대로 325(중화산동2가),35.822116,127.122453
mmg_1172,대한안과의사회(군산 서울안과),myeongmunga_facility,전북특별자치도군산시수송로 42- 0(나운동),35.966772,126.700768
mmg_1238,대한안과의사회(전주 푸른안과),myeongmunga_facility,전북특별자치도전주시 덕진구백제대로 660(금암동),35.842884,127.141401
mmg_1253,덕유산휴양림,myeongmunga_facility,전북특별자치도무주군무풍면구천동로 530- 62(무풍면삼거리),35.877338,127.810535
mmg_3523,독립군,myeongmunga_facility,전북특별자치도전주시 완산구한두평1길 17- 51층 (중화산동2가),35.8126081,127.1248867
mmg_1258,동군산종합병원,myeongmunga_facility,전북특별자치도군산시조촌로 149(조촌동),35.977365,126.737095
mmg_2511,무주곤충박물관,myeongmunga_facility,전북특별자치도무주군설천면무설로 1324(설천면청량리),36.011114,127.758702
mmg_4080,무주군 머루와인동굴,myeongmunga_facility,전북특별자치도무주군적상면산성로 359(적상면북창리),35.9650206,127.6973406
mmg_3944,문경컴퓨터학원,myeongmunga_facility,전북특별자치도정읍시서부로 71(연지동),35.5741599,126.8480821
mmg_3938,문화컴퓨터학원,myeongmunga_facility,"전북특별자치도전주시 덕진구송천중앙로 141(송천동1가, 2층)",35.859465,127.1209239
mmg_3946,미르컴퓨터학원,myeongmunga_facility,"전북특별자치도전주시 덕진구정언신로 89(인후동1가, 3층)",35.8313192,127.1636715
mmg_1301,미소진치과의원,myeongmunga_facility,전북특별자치도전주시 덕진구안덕원로 259(인후동1가),35.836886,127.15539
mmg_3483,민원행정사사무소,myeongmunga_facility,전북특별자치도전주시 덕진구정여립로 1115511호(만성동),35.8486052,127.0835709
mmg_3942,민컴퓨터학원,myeongmunga_facility,전북특별자치도전주시 완산구당산로 40(서신동),35.8319834,127.112669
mmg_3479,바람의찻집,myeongmunga_facility,전북특별자치도전주시 완산구바람쐬는길 35- 19(교동),35.811096,127.1632959
mmg_1304,반디별천문과학관,myeongmunga_facility,전북특별자치도무주군설천면무설로 1324(설천면청량리),36.011114,127.758702
mmg_3019,백제치과의원,myeongmunga_facility,전북특별자치도전주시 완산구당산로 963층 (서신동),35.832,127.1186
mmg_2732,변산자연휴양림,myeongmunga_facility,전북특별자치도부안군변산면변산로 3768(변산면도청리),35.5819,126.5254
mmg_3941,세라컴퓨터코딩학원,myeongmunga_facility,"전북특별자치도전주시 덕진구견훤로 376- 1(우아동3가, 2층)",35.8448176,127.1536565
mmg_3492,세컨페이스 전주점,myeongmunga_facility,전북특별자치도전주시 완산구용머리로 62(효자동1가),35.8062576,127.1171415
mmg_1133,소노벨 변산,myeongmunga_facility,전북특별자치도부안군변산면변산해변로 51(변산면격포리),35.63171,126.470136
mmg_2508,수요양병원,myeongmunga_facility,전북특별자치도익산시중앙로1길 23(창인동1가),35.94169,126.948725
mmg_3243,순창군 군립공원,myeongmunga_facility,전북특별자치도순창군팔덕면강천산길 97(팔덕면청계리),35.4042,127.0491
mmg_3246,순창군승마장,myeongmunga_facility,전북특별자치도순창군팔덕면신촌길 238(팔덕면구룡리),35.3658,127.1084
mmg_3247,순창군작은목욕탕,myeongmunga_facility,전북특별자치도순창군팔덕면강천로 352(팔덕면용산리),35.3929171,127.0953992
mmg_3244,순창발효테마파크,myeongmunga_facility,전북특별자치도순창군순창읍장류로 55(순창읍백산리),35.3677,127.1116
mmg_4010,쉴랜드,myeongmunga_facility,전북특별자치도순창군인계면인덕로 427- 128(인계면쌍암리),35.4323,127.1318
mmg_2505,스마트치과병원,myeongmunga_facility,전북특별자치도전주시 덕진구만성중앙로 45201호(만성동),35.838434,127.078667
mmg_3742,신라스테이 전주,myeongmunga_facility,전북특별자치도전주시 완산구현무1길 10(경원동3가),35.8196908,127.1485428
mmg_2735,신시도자연휴양림,myeongmunga_facility,전북특별자치도군산시옥도면신시도길 271(옥도면신시도리),35.8292,126.4442
mmg_4073,아리랑스키,myeongmunga_facility,전북특별자치도무주군설천면만선로 3(설천면심곡리),35.9106231,127.759032
mmg_3939,아이티컴퓨터전문학원,myeongmunga_facility,전북특별자치도전주시 덕진구혁신로 705(반월동),35.8748085,127.0748864
mmg_2504,아중요양병원,myeongmunga_facility,전북특별자치도전주시 덕진구아중로 223(우아동2가),35.82916,127.17353
mmg_3488,안경나라 마전점,myeongmunga_facility,전북특별자치도전주시 완산구홍산로 3711층 (효자동3가),35.8269149,127.1056227
mmg_3496,안경진정성 전주인후점,myeongmunga_facility,전북특별자치도전주시 덕진구가재미로 97102호1층 (인후동1가),35.8335009,127.1603384
mmg_2623,에스한의원-익산,myeongmunga_facility,전북특별자치도익산시무왕로 10382층 (영등동),35.9581,126.9721
mmg_3497,엔젤아이안경원,myeongmunga_facility,전북특별자치도전주시 덕진구심방죽6길 8(인후동2가),35.8411026,127.1507157
mmg_2503,연세유펜치과,myeongmunga_facility,전북특별자치도전주시 완산구마전들로 55(효자동3가),35.821218,127.101433
mmg_2502,열정치과,myeongmunga_facility,"전북특별자치도전주시 완산구홍산로 260- 0(효자동3가, 엠스퀘어)",35.814212,127.106894
mmg_1451,온고을장례식장,myeongmunga_facility,전북특별자치도전주시 덕진구온고을로 438- 2(만성동),35.846662,127.082034
mmg_1468,운장산휴양림,myeongmunga_facility,전북특별자치도진안군정천면휴양림길 77(정천면갈용리),35.893523,127.428027
mmg_1472,원광대학교 의과대학병원,myeongmunga_facility,전북특별자치도익산시무왕로 895(신동),35.96827,126.958595
mmg_2509,원치과,myeongmunga_facility,전북특별자치도익산시무왕로 11573층 (어양동),35.959428,126.985372
mmg_3940,유일컴퓨터학원,myeongmunga_facility,"전북특별자치도전주시 덕진구안덕원로 256(인후동1가, 2층)",35.8363544,127.1549509
mmg_3932,이지컴퓨터학원,myeongmunga_facility,"전북특별자치도군산시백토로 229(지곡동, 3층)",35.9586229,126.7046056
mmg_1490,익산병원,myeongmunga_facility,전북특별자치도익산시무왕로 969(신동),35.961683,126.966472
mmg_1491,익산보석박물관,myeongmunga_facility,"전북특별자치도익산시왕궁면호반로 8(왕궁면동용리, 보석박물관)",35.990392,127.101468
mmg_4078,익산시 국민생활관,myeongmunga_facility,전북특별자치도익산시선화로 255(남중동),35.9454596,126.9588571
mmg_4079,익산시 보건소,myeongmunga_facility,전북특별자치도익산시무왕로 975(신동),35.9610496,126.9664558
mmg_3499,일공공일안경 인후점,myeongmunga_facility,전북특별자치도전주시 덕진구안덕원로 256(인후동1가),35.8363544,127.1549509
mmg_2239,일이삼한방병원,myeongmunga_facility,"전북특별자치도전주시 덕진구동부대로 803(호성동1가, 일이삼한방병원 3층, 4층)",35.859269,127.153894
mmg_2063,전라북도 남원의료원,myeongmunga_facility,전북특별자치도남원시충정로 365(고죽동),35.43263,127.408386
mmg_3192,전북대학교병원,myeongmunga_facility,"전북특별자치도전주시 덕진구건지로 20(덕진동1가, 전북대학교병원)",35.8471,127.1408
mmg_1508,전북현대모터스,myeongmunga_facility,전북특별자치도전주시 덕진구기린대로 1055(반월동),35.868057,127.064519
mmg_1511,전주경기전,myeongmunga_facility,전북특별자치도전주시 완산구태조로 44(풍남동3가),35.815315,127.149757
mmg_1512,전주고려병원,myeongmunga_facility,전북특별자치도전주시 덕진구안덕원로 367(산정동),35.839967,127.167191
mmg_1513,전주동물원,myeongmunga_facility,전북특별자치도전주시 덕진구소리로 68(덕진동1가),35.856116,127.144674
mmg_1514,전주병원,myeongmunga_facility,전북특별자치도전주시 완산구한두평3길 13(중화산동2가),35.81532,127.124753
mmg_1516,전주세계소리축제,myeongmunga_facility,"전북특별자치도전주시 덕진구소리로 31(덕진동1가, 한국소리문화의전당 국제회의장 1층 전주세계소리축제조직위원회)",35.855431,127.138716
mmg_1518,전주시공영주차장,myeongmunga_facility,"전북특별자치도전주시 완산구노송광장로 10(서노송동, 전주시청 교통안전과)",35.821265,127.145208
mmg_1520,전주신기독병원,myeongmunga_facility,전북특별자치도전주시 완산구거마평로 185(효자동1가),35.808672,127.115397
mmg_3945,전주컴퓨터학원,myeongmunga_facility,"전북특별자치도전주시 완산구난전들로 266(삼천동1가, 3층)",35.7921013,127.1171128
mmg_3777,정읍시 국민여가캠핑장,myeongmunga_facility,전북특별자치도정읍시내장산로 410(부전동),35.5249034,126.895104
mmg_3780,정읍시 산업단지 복합문화 센터,myeongmunga_facility,전북특별자치도정읍시첨단과학로 201(신정동),,
mmg_3776,정읍시 주차장,myeongmunga_facility,,,
mmg_3778,정읍시 청소년수련관,myeongmunga_facility,전북특별자치도정읍시정읍사로 547(시기동),,
mmg_3779,정읍시 체육시설,myeongmunga_facility,,,
mmg_3775,정읍시 칠보물테마유원지,myeongmunga_facility,전북특별자치도정읍시칠보면칠보산로 1555(칠보면무성리),35.6075434,126.9842099
mmg_3774,정읍시립미술관,myeongmunga_facility,전북특별자치도정읍시시기4길 7(시기동),35.5523539,126.8616064
mmg_3943,정컴퓨터학원,myeongmunga_facility,"전북특별자치도전주시 완산구거마평로 86(삼천동1가, 2층)",35.8000161,127.1170753
mmg_3936,제일컴퓨터학원,myeongmunga_facility,전북특별자치도남원시춘향로 24(도통동),35.417931,127.3978941
mmg_3934,젬컴퓨터학원,myeongmunga_facility,"전북특별자치도군산시백토로 144(나운동, 3층)",35.9663856,126.7054546
mmg_1572,천도장례식장,myeongmunga_facility,전북특별자치도익산시인북로 409(신동),35.96827,126.958595
mmg_2888,청담한방병원,myeongmunga_facility,전북특별자치도전주시 덕진구팔달로 377(금암동),35.8337,127.1362
mmg_3481,카티모 본점,myeongmunga_facility,전북특별자치도전주시 완산구아중로 65(중노송동),35.8231783,127.1573697
mmg_3500,카페로이,myeongmunga_facility,전북특별자치도전주시 덕진구견훤로 1561층 (인후동1가),35.8258891,127.1612589
mmg_2507,클로엔 성형외과,myeongmunga_facility,전북특별자치도완주군이서면기지로 47402호4층 (이서면갈산리),35.838682,127.057254
mmg_2506,클로엔여성/피부과,myeongmunga_facility,전북특별자치도완주군이서면기지로 47403호(이서면갈산리),35.838682,127.057254
mmg_3933,탑스터디컴퓨터학원,myeongmunga_facility,"전북특별자치도군산시수송로 119(나운동, 3층)",35.9642761,126.7086358
mmg_2501,탑클래스치과의원,myeongmunga_facility,전북특별자치도전주시 덕진구세병남로 39(송천동2가),35.871307,127.122076
mmg_2552,하루애드림치과,myeongmunga_facility,"전북특별자치도군산시수송로 285201호2층 (미장동, 한림빌딩)",35.964533,126.728883
mmg_2206,행복한치과,myeongmunga_facility,"전북특별자치도전주시 완산구용머리로 722층 (효자동1가, 주원빌딩)",35.806265,127.118052
mmg_1669,혜성병원,myeongmunga_facility,전북특별자치도부안군부안읍부령로 33(부안읍선은리),35.732782,126.746074
mmg_1678,회문산휴양림,myeongmunga_facility,전북특별자치도순창군구림면안심길 295(구림면안정리),35.498918,127.118103
mmg_2465,(창원)상남 굿모닝내과병원,myeongmunga_facility,"경상남도창원시 성산구상남로 73(상남동, 서울메디컬센터 6,7층)",35.2207262,128.6797159
mmg_4034,365바른치과의원,myeongmunga_facility,"경상남도창원시 의창구중동중앙로 103(중동, 365빌딩 2층)",35.258545,128.6324258
mmg_1015,NC다이노스 프로야구단,myeongmunga_facility,경상남도창원시 마산회원구삼호로 63(양덕동),35.198895,128.566271
mmg_1017,NH농협 경남본부,myeongmunga_facility,경상남도창원시 성산구원이대로 627(신월동),35.227383,128.684752
mmg_2002,the큰병원,myeongmunga_facility,경상남도창원시 의창구우곡로217번길 10(명서동),35.239552,128.648768
mmg_1048,거제박물관,myeongmunga_facility,경상남도거제시거제대로 3791(옥포동),34.894044,128.686193
mmg_2812,거제삼성호텔,myeongmunga_facility,경상남도거제시장평3로 80- 37(장평동),34.8961796,128.6122793
mmg_2938,거제시 보건소,myeongmunga_facility,"경상남도거제시수양로 506(양정동, 거제시 보건소)",34.8918582,128.6367458
mmg_2941,거제시 체육시설,myeongmunga_facility,"경상남도거제시계룡로11길 35(고현동, 생활체육과)",,
mmg_2939,거제시 추모의집,myeongmunga_facility,경상남도거제시사등면지석로 219- 38(사등면지석리),34.898479,128.53152
mmg_2942,거제식물원,myeongmunga_facility,경상남도거제시남부면거제남서로 3595(남부면다포리),34.8574576,128.5785011
mmg_2940,거제조선해양문화관,myeongmunga_facility,경상남도거제시일운면지세포해안로 41(일운면지세포리),34.8351391,128.7017521
mmg_2524,거제포로수용소 유적공원,myeongmunga_facility,경상남도거제시계룡로 61(고현동),34.894044,128.686193
mmg_2560,거창군 보건소,myeongmunga_facility,경상남도거창군거창읍거함대로 3079(거창읍송정리),35.682479,127.910174
mmg_2557,거창군 수승대썰매장,myeongmunga_facility,경상남도거창군위천면은하리길 43- 101(위천면황산리),35.758,127.831
mmg_2558,거창군 수승대야영장,myeongmunga_facility,경상남도거창군위천면은하리길 43- 101(위천면강천리),35.758,127.831
mmg_2559,거창군 주차장,myeongmunga_facility,"경상남도거창군거창읍중앙로 103(거창읍상림리, 거창군청 경제교통과)",,
mmg_1057,경남은행,myeongmunga_facility,경상남도창원시 마산회원구3·15대로 642(석전동),35.230395,128.576979
mmg_3914,경남컴퓨터학원,myeongmunga_facility,"경상남도김해시삼계중앙로 30301호호(삼계동, 경남아파트상가)",36.32224,127.369925
mmg_3211,경상국립대학교병원,myeongmunga_facility,경상남도진주시강남로 79(칠암동),35.1764353,128.0956934
mmg_1059,경상남도마산의료원,myeongmunga_facility,경상남도창원시 마산합포구3·15대로 231(장군동4가),35.198574,128.568003
mmg_2668,경상남도수목원,myeongmunga_facility,"경상남도진주시이반성면수목원로 386(이반성면대천리, 경상남도수목원)",35.1596815,128.2942985
mmg_2932,고성공룡박물관,myeongmunga_facility,경상남도고성군하이면자란만로 618(하이면덕명리),34.9080985,128.1486801
mmg_2937,고성군 공설장사시설,myeongmunga_facility,경상남도고성군상리면장치로 220- 163(상리면자은리),34.97471,128.239185
mmg_2931,고성군 공설주차장,myeongmunga_facility,"경상남도고성군고성읍성내로 130(고성읍성내리, 도시교통과)",,
mmg_2935,고성군 문화체육센터,myeongmunga_facility,"경상남도고성군고성읍성내로 130(고성읍성내리, 체육진흥과)",34.98,128.31
mmg_2933,고성군 보건소,myeongmunga_facility,"경상남도고성군고성읍성내로 130(고성읍성내리, 보건소)",34.9694544,128.3153849
mmg_2934,고성군 체육시설,myeongmunga_facility,"경상남도고성군고성읍성내로 130(고성읍성내리, 체육진흥과)",,
mmg_2936,고성군 평생교육,myeongmunga_facility,"경상남도고성군고성읍성내로 130(고성읍성내리, 교육청소년과)",34.98,128.31
mmg_2815,골든튤립호텔남강,myeongmunga_facility,경상남도진주시남강로673번길 16(동성동),35.1916365,128.0866789
mmg_2200,구트병원,myeongmunga_facility,"경상남도창원시 성산구원이대로 578(중앙동, 구트병원빌딩8~12층)",35.228282,128.678141
mmg_3352,금호통영마리나리조트,myeongmunga_facility,경상남도통영시큰발개1길 33(도남동),34.827698,128.440001
mmg_2462,김해가야테마파크,myeongmunga_facility,경상남도김해시가야테마길 161(어방동),35.2507263,128.8930841
mmg_2463,김해낙동강레일파크,myeongmunga_facility,경상남도김해시생림면마사로473번길 41(생림면마사리),35.372043,128.820998
mmg_2460,김해시 공영주차장,myeongmunga_facility,"경상남도김해시김해대로 2401(부원동, 김해시청 교통정책과)",,
mmg_2461,김해시 보건소,myeongmunga_facility,경상남도김해시분성로 227(외동),35.2322489,128.8708565
mmg_3441,남지종합복지관,myeongmunga_facility,경상남도창녕군남지읍복지관길 15(남지읍남지리),35.3918059,128.4828583
mmg_2281,남해군 거북선,myeongmunga_facility,,34.942243,127.876067
mmg_2283,남해군 공영주차장,myeongmunga_facility,"경상남도남해군남해읍망운로9번길 12(남해읍북변리, 남해군청 건설교통과)",,
mmg_2260,남해군 국민체육센터,myeongmunga_facility,"경상남도남해군남해읍화전로78번길 26(남해읍북변리, 체육진흥과)",34.837551,127.896923
mmg_2282,남해군 나비생태관,myeongmunga_facility,경상남도남해군삼동면금암로 562- 23(삼동면봉화리),34.758294,128.012633
mmg_2284,남해군 보건소,myeongmunga_facility,경상남도남해군남해읍선소로 6(남해읍북변리),34.8447709,127.8987565
mmg_2267,남해군 원예예술촌,myeongmunga_facility,경상남도남해군삼동면예술길 39(삼동면봉화리),34.803706,128.036263
mmg_2285,남해군 체육시설,myeongmunga_facility,"경상남도남해군남해읍망운로9번길 12(남해읍북변리, 체육진흥과)",34.83796,127.892285
mmg_1111,남해편백휴양림,myeongmunga_facility,경상남도남해군삼동면금암로 658(삼동면봉화리),34.752136,128.020161
mmg_3185,달천공원 오토캠핑장,myeongmunga_facility,경상남도창원시 의창구북면달천길 150(북면외감리),35.2823372,128.5998474
mmg_1139,대산미술관,myeongmunga_facility,경상남도창원시 의창구대산면유등로369번길 14- 8(대산면유등리),35.345136,128.74409
mmg_2022,대한안과의사회 파티마안과의원,myeongmunga_facility,"경상남도창원시 성산구원이대로 320(대원동, 더시티세븐쇼핑몰 트레이드센터 4층)",35.239659,128.654423
mmg_1197,대한안과의사회(서울아이비안과),myeongmunga_facility,경상남도창원시 성산구상남로 73(상남동),35.220726,128.679716
mmg_1245,대한안과의사회(진주 이성수안과),myeongmunga_facility,경상남도진주시진주대로 863(주약동),35.177658,128.09147
mmg_2119,대한안과의사회-예일안과,myeongmunga_facility,경상남도창원시 마산회원구3·15대로 659(석전동),35.232061,128.577201
mmg_1269,라온치과병원(창원마산점),myeongmunga_facility,경상남도창원시 마산회원구양덕로 194(봉암동),35.234403,128.580168
mmg_3921,리더스컴퓨터회계코딩학원,myeongmunga_facility,경상남도창원시 마산회원구양덕서8길 14(석전동),35.231772,128.578595
mmg_3923,마산정우컴퓨터전산회계학원,myeongmunga_facility,경상남도창원시 마산합포구3·15대로 701(해운동),35.178754,128.558294
mmg_1291,메트로병원,myeongmunga_facility,경상남도창원시 의창구평산로219번길 3(서상동),35.260815,128.625848
mmg_3837,미래메디컬그룹,myeongmunga_facility,"부산광역시남구전포대로 1332층 (문현동, IFC몰)",,
mmg_2945,밀양시 공공체육시설,myeongmunga_facility,"경상남도밀양시밀양대로 2047(교동, 체육진흥과)",35.5,128.74
mmg_2946,밀양시 공설화장장,myeongmunga_facility,경상남도밀양시북성로7길 59(내일동),35.499083,128.759444
mmg_2948,밀양시 공영주차장,myeongmunga_facility,"경상남도밀양시밀양대로 2047(교동, 교통행정과)",,
mmg_2944,밀양시 보건소,myeongmunga_facility,"경상남도밀양시삼문중앙로 41(삼문동, 밀양시 보건소)",35.4855407,128.7560677
mmg_2947,밀양아리랑 우주천문대,myeongmunga_facility,경상남도밀양시밀양대공원로 86(교동),35.5024568,128.7611033
mmg_1306,밝고고운안과,myeongmunga_facility,경상남도창원시 의창구원이대로 595(용호동),35.227957,128.680275
mmg_2619,사천바다케이블카,myeongmunga_facility,경상남도사천시사천대로 18(대방동),34.93398,128.053597
mmg_2681,사천시 공영주차장,myeongmunga_facility,"경상남도사천시용현면시청로 77(용현면덕곡리, 사천시청 민원교통과)",,
mmg_2682,사천시 보건소,myeongmunga_facility,경상남도사천시용현면시청로 77- 1(용현면덕곡리),35.0044458,128.0641297
mmg_2683,사천시 체육시설,myeongmunga_facility,"경상남도사천시용현면시청로 77(용현면덕곡리, 사천시청 문화체육과)",,
mmg_2684,사천첨단항공우주과학관,myeongmunga_facility,경상남도사천시사남면공단1로 108(사남면유천리),35.07074,128.064135
mmg_2930,산청군 공설묘지,myeongmunga_facility,경상남도산청군신등면신등가회로 357- 17(신등면가술리),35.4023964,128.025358
mmg_2673,산청한방가족호텔,myeongmunga_facility,경상남도산청군금서면동의보감로479번길 43(금서면특리),35.438921,127.829918
mmg_3925,성원정보처리학원,myeongmunga_facility,경상남도창원시 성산구대정로 77(남양동),35.211237,128.700354
mmg_2245,소노캄 거제,myeongmunga_facility,경상남도거제시일운면거제대로 2660(일운면소동리),34.8434478,128.7029238
mmg_2686,스카이라인루지 통영,myeongmunga_facility,경상남도통영시발개로 178(도남동),34.824925,128.424384
mmg_3452,양산 숲애서,myeongmunga_facility,경상남도양산시탑골길 248(용당동),,
mmg_3453,양산 평생학습관,myeongmunga_facility,경상남도양산시동면강변로 30(동면금산리),,
mmg_3462,양산시 낙동강 수변공원,myeongmunga_facility,"경상남도양산시중앙로 39(남부동, 하천과)",,
mmg_3464,양산시 농업기계,myeongmunga_facility,"경상남도양산시중앙로 39(남부동, 농정과)",,
mmg_3455,양산시 문화체육센터,myeongmunga_facility,"경상남도양산시중앙로 39(남부동, 교육체육과)",,
mmg_3463,양산시 보건소,myeongmunga_facility,"경상남도양산시중앙로 39(남부동, 보건행정과)",,
mmg_3461,양산시 부설주차장,myeongmunga_facility,"경상남도양산시중앙로 39(남부동, 회계과)",,
mmg_3458,양산시 여성복지센터,myeongmunga_facility,"경상남도양산시중앙로 39(남부동, 여성청소년과)",,
mmg_3459,양산시 육아종합지원센터,myeongmunga_facility,"경상남도양산시중앙로 39(남부동, 아동보육과)",,
mmg_3456,양산시 장애인복지관,myeongmunga_facility,"경상남도양산시중앙로 39(남부동, 노인장애인과)",,
mmg_3451,양산시 전통시장 주차장,myeongmunga_facility,"경상남도양산시중앙로 39(남부동, 양산시(시민안전과))",,
mmg_3457,양산시 종합사회복지관,myeongmunga_facility,"경상남도양산시중앙로 39(남부동, 노인장애인과)",,
mmg_3460,양산시 주민자치센터,myeongmunga_facility,"경상남도양산시중앙로 39(남부동, 행정과)",,
mmg_3454,양산시 체육시설,myeongmunga_facility,"경상남도양산시중앙로 39(남부동, 교육체육과)",,
mmg_3915,에디슨컴퓨터학원,myeongmunga_facility,경상남도김해시활천로36번길 24(삼정동),35.23,128.896
mmg_2254,연세에스병원,myeongmunga_facility,경상남도창원시 진해구해원로32번길 13(이동),35.154545,128.698345
mmg_2913,예이재한방병원,myeongmunga_facility,"경상남도창원시 의창구용동로 45(사림동, 현대썬앤빌더퀘어 A동 5-6층)",35.2537878,128.6815062
mmg_2541,외도 보타니아,myeongmunga_facility,경상남도거제시일운면외도길 17(일운면와현리),34.769515,128.71296
mmg_3444,우포생태촌유스호스텔,myeongmunga_facility,경상남도창녕군이방면우포2로 330(이방면안리),35.5649053,128.4154438
mmg_3916,웰컴퓨터학원,myeongmunga_facility,경상남도김해시대청로 121(대청동),35.1981,128.797851
mmg_3917,윈컴퓨터학원,myeongmunga_facility,경상남도김해시우암로 29- 1(외동),35.233512,128.860377
mmg_3918,율하IT컴퓨터학원,myeongmunga_facility,경상남도김해시율하3로 56(율하동),35.172796,128.815414
mmg_2472,의령 거장산야영장,myeongmunga_facility,경상남도의령군궁류면청정로5길 57(궁류면압곡리),35.437511,128.2597022
mmg_2474,의령 국민체육센터,myeongmunga_facility,"경상남도의령군의령읍충익로 63(의령읍중동리, 시설관리사업소)",35.3164888,128.2551837
mmg_2471,의령 벽계야영장,myeongmunga_facility,경상남도의령군궁류면벽계로 201(궁류면벽계리),35.4258537,128.2080639
mmg_2473,의령 보건소,myeongmunga_facility,경상남도의령군의령읍의병로8길 16(의령읍서동리),35.3176426,128.2546996
mmg_2680,장사도해상공원,myeongmunga_facility,경상남도통영시한산면장사도길 55(한산면매죽리),34.713984,128.558848
mmg_3924,정우컴퓨터전산회계학원,myeongmunga_facility,"경상남도창원시 성산구용지로133번길 5(중앙동, 키다리빌딩 7층)",35.227643,128.679334
mmg_1543,조은금강병원,myeongmunga_facility,경상남도김해시김해대로 1814- 37(삼계동),35.262303,128.861599
mmg_3920,중우컴퓨터학원,myeongmunga_facility,경상남도창원시 성산구신촌로 112(신촌동),35.19951,128.628555
mmg_1556,지리산휴양림,myeongmunga_facility,경상남도함양군마천면음정길 152(마천면삼정리),35.347852,127.643136
mmg_1558,진주고려병원,myeongmunga_facility,경상남도진주시동진로 2(칠암동),35.17861,128.092062
mmg_2806,진주레일바이크,myeongmunga_facility,경상남도진주시내동면망경로 13(내동면독산리),35.1657261,128.0672645
mmg_2957,진주목공예전수관,myeongmunga_facility,경상남도진주시명석면광제산로 367(명석면관지리),35.2470516,128.0418929
mmg_2960,진주시 공영주차장,myeongmunga_facility,"경상남도진주시동진로 155(상대동, 교통행정과)",,
mmg_2968,진주시 농기계임대사업소,myeongmunga_facility,경상남도진주시남강로 1689(초전동),,
mmg_2964,진주시 능력개발관,myeongmunga_facility,경상남도진주시내동면삼계로 430(내동면삼계리),35.159302,128.0321121
mmg_2962,진주시 보건소,myeongmunga_facility,경상남도진주시월아산로 2026(초전동),35.2146996,128.1229819
mmg_2959,진주시 안락공원,myeongmunga_facility,경상남도진주시진산로 141- 42(장재동),35.2006454,128.099649
mmg_2961,진주시 진양호동물원,myeongmunga_facility,경상남도진주시남강로1번길 130(판문동),35.1771893,128.0365623
mmg_2963,진주시 청소년수련관,myeongmunga_facility,경상남도진주시남강로651번길 12(본성동),35.191557,128.0827776
mmg_2958,진주시 체육시설,myeongmunga_facility,"경상남도진주시동진로 155(상대동, 체육진흥과)",,
mmg_2955,진주시립 이성자미술관,myeongmunga_facility,경상남도진주시에나로128번길 14(충무공동),35.1759569,128.1429454
mmg_2956,진주익룡발자국전시관,myeongmunga_facility,경상남도진주시영천강로68번길 22(충무공동),35.1687071,128.1396453
mmg_2965,진주청동기문화박물관,myeongmunga_facility,경상남도진주시대평면호반로 1353(대평면대평리),35.2238775,127.9623061
mmg_3008,창녕공설운동장,myeongmunga_facility,경상남도창녕군창녕읍창녕대로 305(창녕읍퇴천리),35.5208369,128.5048245
mmg_3009,창녕공설테니스장,myeongmunga_facility,경상남도창녕군창녕읍창녕대로 309(창녕읍교리),35.5188724,128.506251
mmg_3012,창녕국민체육센터,myeongmunga_facility,경상남도창녕군부곡면거문2길 33(부곡면거문리),35.44521,128.5847
mmg_3439,창녕군 보건소,myeongmunga_facility,경상남도창녕군창녕읍군청1길 37(창녕읍교리),35.5436522,128.4900857
mmg_3442,창녕군노인복지회관,myeongmunga_facility,경상남도창녕군창녕읍창녕대로 176(창녕읍말흘리),35.5310301,128.5018801
mmg_3014,창녕군립수영장,myeongmunga_facility,경상남도창녕군창녕읍창녕대로 305(창녕읍퇴천리),35.5216717,128.5039295
mmg_3011,창녕군민체육관,myeongmunga_facility,경상남도창녕군창녕읍창녕대로 307(창녕읍퇴천리),35.5197924,128.5065052
mmg_3013,창녕군민탁구장,myeongmunga_facility,경상남도창녕군창녕읍비들재길 21- 9(창녕읍퇴천리),35.5190612,128.5069702
mmg_3440,창녕군여성회관,myeongmunga_facility,경상남도창녕군창녕읍창녕대로 131(창녕읍교하리),35.5436522,128.4900857
mmg_3443,창녕문화예술회관,myeongmunga_facility,경상남도창녕군창녕읍군청1길 35(창녕읍교리),35.54444,128.4904237
mmg_3445,창녕생태곤충원,myeongmunga_facility,경상남도창녕군창녕읍우포2로 333(창녕읍교리),35.5685956,128.4171661
mmg_3010,창녕스포츠파크,myeongmunga_facility,경상남도창녕군부곡면상사창길 58(부곡면사창리),35.4329601,128.5952907
mmg_3015,창녕오리정운동장,myeongmunga_facility,경상남도창녕군창녕읍조산1길 374- 4(창녕읍직교리),35.5408084,128.4889238
mmg_3741,창원 편백 치유의 숲,myeongmunga_facility,경상남도창원시 진해구장복산길 47(태백동),,
mmg_2259,창원 희연병원,myeongmunga_facility,"경상남도창원시 성산구원이대로393번길 25- 0(반지동, 희연병원)",35.2399617,128.6625427
mmg_3305,창원경상국립대학교병원,myeongmunga_facility,경상남도창원시 성산구삼정자로 11(성주동),35.1993004,128.7077653
mmg_3732,창원시 감계복지센터,myeongmunga_facility,경상남도창원시 의창구북면동전로45번길 6(북면감계리),,
mmg_3739,창원시 곰두리국민체육센터,myeongmunga_facility,"경상남도창원시 성산구중앙대로 151(용호동, 노인장애인과)",,
mmg_1564,창원시 공영주차장,myeongmunga_facility,"경상남도창원시 성산구중앙대로 151(용호동, 교통정책과)",35.230435,128.68094
mmg_1565,창원시 보건소,myeongmunga_facility,경상남도창원시 성산구중앙대로162번길 8(신월동),35.227661,128.685486
mmg_3733,창원시 오토캠핑장,myeongmunga_facility,"경상남도창원시 성산구중앙대로 151(용호동, 공원녹지과)",,
mmg_3736,창원시 장난감도서관,myeongmunga_facility,"경상남도창원시 성산구중앙대로 151(용호동, 아동청소년과)",,
mmg_3738,창원시 주민자치센터,myeongmunga_facility,"경상남도창원시 성산구중앙대로 151(용호동, 자치행정과)",,
mmg_3731,창원시 진동종합복지타운,myeongmunga_facility,경상남도창원시 마산합포구진동면신서촌로 15(진동면진동리),,
mmg_3734,창원시 진해기적의도서관,myeongmunga_facility,경상남도창원시 진해구석동로 70(석동),,
mmg_3730,창원시 진해종합사회복지관,myeongmunga_facility,경상남도창원시 성산구진해대로 1101(양곡동),,
mmg_3737,창원시 청소년수련시설,myeongmunga_facility,"경상남도창원시 성산구중앙대로 151(용호동, 아동청소년과)",,
mmg_3735,창원시 체육시설,myeongmunga_facility,"경상남도창원시 성산구중앙대로 151(용호동, 체육진흥과)",,
mmg_3740,창원시립 마산 문신미술관,myeongmunga_facility,경상남도창원시 마산합포구문신길 147(추산동),,
mmg_1566,창원시립장사시설,myeongmunga_facility,경상남도창원시 성산구공단로474번길 160(상복동),35.197204,128.661607
mmg_2003,창원자생한방병원,myeongmunga_facility,경상남도창원시 성산구원이대로682번길 8(상남동),35.222555,128.686859
mmg_1567,창원제일종합병원,myeongmunga_facility,경상남도창원시 마산합포구3·15대로 238(중앙동3가),35.199046,128.567714
mmg_3926,창원컴퓨터학원,myeongmunga_facility,경상남도창원시 성산구원이대로 654(상남동),35.224509,128.684958
mmg_1568,창원힘찬병원,myeongmunga_facility,경상남도창원시 의창구의창대로 45(소계동),35.255897,128.605819
mmg_3697,청심플란트 치과,myeongmunga_facility,경상남도진주시진양호로 238(평거동),35.175411,128.062109
mmg_2567,통영시 공설봉안당,myeongmunga_facility,경상남도통영시장대길 144(정량동),34.852,128.439
mmg_2564,통영시 보건소,myeongmunga_facility,경상남도통영시안개4길 108(무전동),34.8597726,128.4320154
mmg_2565,통영시 주차장,myeongmunga_facility,"경상남도통영시해미당1길 33(무전동, 통영시청제2청사 교통과)",,
mmg_2566,통영시 추모공원,myeongmunga_facility,경상남도통영시장대길 144(정량동),34.852,128.439
mmg_1606,통영옻칠미술관,myeongmunga_facility,경상남도통영시용남면용남해안로 36(용남면화삼리),34.854573,128.442972
mmg_3919,하늘컴퓨터학원,myeongmunga_facility,경상남도김해시삼계중앙로 29(삼계동),35.260776,128.868138
mmg_2635,하동군 공설봉안당,myeongmunga_facility,경상남도하동군진교면달구지길 95- 5(진교면양포리),35.000861,127.896504
mmg_2640,하동군 구재봉 자연휴양림,myeongmunga_facility,경상남도하동군적량면중서길 60- 81(적량면서리),35.128526,127.745614
mmg_2639,하동군 국민체육센터,myeongmunga_facility,경상남도하동군적량면공설운동장로 207- 0(적량면고절리),35.06393,127.777606
mmg_2637,하동군 금오산어드벤처 레포츠 시설물,myeongmunga_facility,경상남도하동군금남면경충로 493- 9(금남면중평리),34.9832818,127.893671
mmg_2636,하동군 다목적캠핑장,myeongmunga_facility,,35.23738,127.88894
mmg_2638,하동군 레일바이크,myeongmunga_facility,경상남도하동군북천면경서대로 2446- 6(북천면직전리),35.113705,127.893128
mmg_2634,하동군 별천지 장난감은행,myeongmunga_facility,"경상남도하동군하동읍군청로 23(하동읍읍내리, 가족정책과)",35.07,127.775
mmg_2641,하동군 보건소,myeongmunga_facility,경상남도하동군하동읍군청로 31(하동읍읍내리),35.066916,127.75295
mmg_3813,한국건강관리협회,myeongmunga_facility,경상남도창원시 마산회원구삼호로 107(양덕동),,
mmg_1630,한국폴리텍7부산캠퍼스,myeongmunga_facility,부산광역시북구만덕대로155번길 99(덕천동),35.218715,129.019104
mmg_1635,한마음병원,myeongmunga_facility,경상남도창원시 의창구용동로57번길 8(사림동),35.22103,128.687323
mmg_3150,함안 체육관,myeongmunga_facility,"경상남도함안군가야읍함안대로 619- 4(가야읍도항리, 함안체육관)",35.280058,128.3977022
mmg_3151,함안군 강나루오토캠핑장,myeongmunga_facility,"경상남도함안군칠서면삼칠로 1235- 50(칠서면이룡리, 함안군 강나루오토캠핑장 관리사무소)",35.3923105,128.5085456
mmg_3148,함안군 공영주차장,myeongmunga_facility,"경상남도함안군가야읍말산로 1(가야읍말산리, 함안군청 건설교통과)",,
mmg_3149,함안군 보건소,myeongmunga_facility,"경상남도함안군가야읍중앙남4길 10(가야읍말산리, 함안군 보건소)",35.275719,128.4103205
mmg_2954,함양군 공영주차장,myeongmunga_facility,"경상남도함양군함양읍고운로 35(함양읍운림리, 건설교통과)",,
mmg_2953,함양군 체육시설,myeongmunga_facility,"경상남도함양군함양읍고운로 35(함양읍운림리, 체육청소년과)",,
mmg_2950,합천군 공영주차장,myeongmunga_facility,"경상남도합천군합천읍동서로 119(합천읍합천리, 경제교통과)",,
mmg_2949,합천군 보건소,myeongmunga_facility,"경상남도합천군합천읍동서로 39(합천읍합천리, 합천군 보건소)",35.5680195,128.1565505
mmg_2951,합천군 종합사회복지관,myeongmunga_facility,경상남도합천군합천읍동서로 39(합천읍합천리),35.5679361,128.156745
mmg_1654,항공우주박물관,myeongmunga_facility,경상남도사천시사남면공단1로 78(사남면유천리),35.071441,128.062913
mmg_1657,해금강테마박물관,myeongmunga_facility,경상남도거제시남부면해금강로 120(남부면갈곶리),34.740582,128.662756
mmg_4100,화이트e치과,myeongmunga_facility,"경상남도창원시 성산구단정로 7(상남동, 밀레니엄타워 3층 301호)",35.2210144,128.6817009
mmg_3922,화인컴퓨터학원,myeongmunga_facility,경상남도창원시 마산합포구월영남로 2(해운동),35.178754,128.558294
mmg_3822,KMI한국의학연구소 제주검진센터,myeongmunga_facility,"제주특별자치도서귀포시솔오름로 61(동홍동, 제주헬스케어타운 의료서비스센터 1~2층)",,
mmg_2749,우도해양도립공원,myeongmunga_facility,,,
mmg_3202,제주특별자치도 체육시설,myeongmunga_facility,,,
mmg_3818,KMI한국의학연구소 수원검진센터,myeongmunga_facility,"경기도수원시 권선구동수원로 232(권선동, 1층 수원검진센터)",,
mmg_1027,가톨릭대학교 성빈센트병원,myeongmunga_facility,경기도수원시 팔달구중부대로 93(지동),37.278438,127.027848
mmg_3827,강남브랜드안과 인천점,myeongmunga_facility,"인천광역시부평구시장로 322층, 3층층 (부평동)",,
mmg_2527,경기도어린이박물관,myeongmunga_facility,경기도용인시 기흥구상갈로 6(상갈동),37.26742,127.109818
mmg_2898,경기아트센터,myeongmunga_facility,경기도수원시 팔달구효원로307번길 20(인계동),37.2630952,127.0378005
mmg_3075,광명시 공영주차장,myeongmunga_facility,,,
mmg_3074,광명시 보건소,myeongmunga_facility,,,
mmg_3076,광명시 체육시설,myeongmunga_facility,,,
mmg_2885,광주시 공영주차장,myeongmunga_facility,경기도광주시행정타운로 50(송정동),37.4292015,127.2543924
mmg_2886,광주시 주민자치센터,myeongmunga_facility,경기도광주시행정타운로 50(송정동),37.4292015,127.2543924
mmg_2133,광주연세안과,myeongmunga_facility,"경기도광주시광주대로 31(경안동, 3층)",37.409521,127.260338
mmg_2136,구갈서울안과,myeongmunga_facility,"경기도용인시 기흥구구갈로 70302호(구갈동, 구갈메가타운 3층)",37.28051,127.111668
mmg_2663,군포시 주민자치센터,myeongmunga_facility,경기도군포시청백리길 6(금정동),,
mmg_2660,군포시 청소년수련시설,myeongmunga_facility,충청남도청양군화성면정자골길 100- 43(화성면산정리),36.4038529,126.7123027
mmg_3704,군포시 평생학습마을,myeongmunga_facility,경기도군포시청백리길 6(금정동),,
mmg_2246,김기록치과,myeongmunga_facility,"경기도수원시 영통구효원로 400(매탄동, 탑프라자 201호)",37.2580511,127.0455654
mmg_3049,김포시 금빛수로 수상레저시설 및 썰매장,myeongmunga_facility,,,
mmg_3050,김포시 애기봉 평화생태공원,myeongmunga_facility,경기도김포시월곶면평화공원로 289(월곶면조강리),37.752949,126.594325
mmg_3052,김포시 체육시설,myeongmunga_facility,,,
mmg_3053,김포시 평생학습,myeongmunga_facility,"경기도김포시김포한강1로 242A동1층 (운양동, 운양역환승센터)",,
mmg_3597,나도보청기,myeongmunga_facility,"경기도용인시 기흥구동백5로 21-11(중동, 동백훼미리프라자 4층 405호)",37.277669,127.152753
mmg_2455,남문통닭,myeongmunga_facility,경기도수원시 팔달구정조로800번길 16(팔달로1가),37.2794326,127.0176418
mmg_3166,다래한방병원,myeongmunga_facility,"경기도화성시 만세구향남읍상신하길로298번길 7-29(향남읍하길리, 7-29, 4층)",37.105935,126.902849
mmg_3871,대원평생교육원,myeongmunga_facility,경기도수원시 권선구수인로 43- 26(서둔동),37.269556,126.993029
mmg_2130,대한안과의사회 광교연세안과,myeongmunga_facility,경기도수원시 영통구센트럴타운로 98(이의동),37.289459,127.060979
mmg_3287,대한안과의사회 오산 밝은안과,myeongmunga_facility,"경기도오산시대원로 82층 (원동, 2층)",37.146257,127.069173
mmg_3286,대한안과의사회 올바른안과,myeongmunga_facility,"경기도수원시 영통구광교중앙로 145(이의동, 엘포트몰 2층)",37.2867647,127.0576877
mmg_3290,대한안과의사회 제일연세안과,myeongmunga_facility,경기도수원시 팔달구정조로 7752층 (팔달로3가),37.277153,127.016108
mmg_3288,대한안과의사회 평택 밝은성모안과,myeongmunga_facility,경기도평택시중앙2로 25(평택동),,
mmg_1202,대한안과의사회(성모안과),myeongmunga_facility,경기도수원시 팔달구권광로 195(인계동),37.264912,127.032658
mmg_3908,더영진아이티학원,myeongmunga_facility,,,
mmg_3911,더플랜컴퓨터학원 공도점,myeongmunga_facility,"경기도안성시공도읍공도4로 3207호2층 (공도읍만정리, 우성메디컬)",37.00048,127.172125
mmg_3913,더플랜컴퓨터학원 이천점,myeongmunga_facility,경기도이천시영창로 143301호(관고동),37.282316,127.43863
mmg_3912,더플랜컴퓨터학원 평택점,myeongmunga_facility,경기도평택시용죽3로 125층 (용이동),36.992979,127.125873
mmg_1261,동수원병원,myeongmunga_facility,경기도수원시 팔달구중부대로 165(우만동),37.278441,127.034325
mmg_2550,동수원한방병원,myeongmunga_facility,경기도수원시 팔달구권광로367번길 77(우만동),37.278592,127.033274
mmg_3907,동탄영진아이티학원,myeongmunga_facility,,,
mmg_3832,디지털해피스치과,myeongmunga_facility,인천광역시부평구광장로 284층 (부평동),,
mmg_2185,메트로치과,myeongmunga_facility,"경기도수원시 팔달구팔달로 105(화서동, 3층)",37.278166,127.002963
mmg_3144,명주병원,myeongmunga_facility,경기도용인시 처인구금령로39번길 8- 6(김량장동),37.2352964,127.2011459
mmg_3853,모먼트 짐 - 학익점,myeongmunga_facility,인천광역시미추홀구노적산로 702층 (학익동),,
mmg_4081,모모의원,myeongmunga_facility,경기도수원시 팔달구중부대로 1419층 (우만동),37.2786699,127.0315337
mmg_2143,밝은미소안과,myeongmunga_facility,경기도수원시 권선구덕영대로1201번길 8(권선동),37.249496,127.022569
mmg_4044,베스트헤어,myeongmunga_facility,"경기도수원시 장안구정자로42번길 52203호(천천동, 베스트상가)",37.2980849,126.9808552
mmg_3056,부천시 공공시설 부설주차장,myeongmunga_facility,,,
mmg_3057,부천시 보건소,myeongmunga_facility,경기도부천시 원미구옥산로10번길 16(중동),,
mmg_3901,비트컴퓨터학원,myeongmunga_facility,"경기도평택시비전5로 117층 (비전동, 타임빌딩)",37.000145,127.112619
mmg_2216,삼성힐정형외과,myeongmunga_facility,"경기도수원시 장안구대평로 128(정자동, 4층 407호)",37.299053,126.99151
mmg_3676,서울88의원,myeongmunga_facility,"경기도수원시 팔달구중부대로 44(인계동, 건우까사미타워 8층)",37.276244,127.021672
mmg_3826,서울감동치과 장호원점,myeongmunga_facility,"경기도이천시장호원읍장감로 85(장호원읍장호원리, 용천빌딩 4,5층)",37.117993,127.631992
mmg_2583,석재홍한의원,myeongmunga_facility,인천광역시미추홀구소성로 1354층 (학익동),,
mmg_1393,수원병원,myeongmunga_facility,경기도수원시 장안구수성로245번길 69(정자동),37.292014,126.996646
mmg_2883,수원시 공영주차장,myeongmunga_facility,"경기도수원시 장안구경수대로 893(조원동, 스마트주차사업단)",37.2634485,127.0286427
mmg_2897,수원시 사회복지시설,myeongmunga_facility,경기도수원시 팔달구효원로 241(인계동),37.2634485,127.0286427
mmg_2594,수원시 화성관람료,myeongmunga_facility,경기도수원시 팔달구정조로 825(남창동),37.282073,127.013747
mmg_2371,수원시 화성열차,myeongmunga_facility,경기도수원시 팔달구정조로 825(남창동),37.282073,127.013747
mmg_2595,수원시 화성주차장 주차료,myeongmunga_facility,경기도수원시 팔달구정조로 825(남창동),37.282073,127.013747
mmg_3105,수원시립아이파크미술관,myeongmunga_facility,경기도수원시 팔달구정조로 833(신풍동),37.2826875,127.0158125
mmg_1395,수원우리병원,myeongmunga_facility,경기도수원시 팔달구경수대로 419(인계동),37.263716,127.024913
mmg_2677,수원이안과의원,myeongmunga_facility,경기도수원시 팔달구정조로 806- 0(팔달로1가),37.2799508,127.0168835
mmg_3316,수원자생한방병원,myeongmunga_facility,"경기도수원시 영통구봉영로 1587(영통동, 9,10층(다모아프라자))",37.253292,127.072325
mmg_2556,수원중앙병원,myeongmunga_facility,경기도수원시 권선구권선로 654(권선동),37.2598666,127.0228744
mmg_3046,시흥시 곤충전시체험관,myeongmunga_facility,,,
mmg_3040,시흥시 공영주차장,myeongmunga_facility,,,
mmg_3045,시흥시 에코센터,myeongmunga_facility,경기도시흥시경기과기대로 284(정왕동),,
mmg_3047,시흥시 오이도박물관,myeongmunga_facility,경기도시흥시오이도로 332(정왕동),,
mmg_3042,시흥시 장사시설,myeongmunga_facility,,,
mmg_3043,시흥시 청소년시설,myeongmunga_facility,"경기도시흥시은행로 179(대야동, 시흥시청소년수련관)",,
mmg_3044,시흥시 체육시설,myeongmunga_facility,,,
mmg_3627,신갈편한한의원,myeongmunga_facility,경기도용인시 기흥구중부대로 317(신갈동),37.270838,127.1022149
mmg_2549,아주대학교병원,myeongmunga_facility,경기도수원시 영통구월드컵로 164(원천동),37.2800775,127.0482628
mmg_3058,안산시 공영주차장,myeongmunga_facility,,,
mmg_3062,안산시 동주염전 체험장,myeongmunga_facility,,,
mmg_3059,안산시 부설주차장,myeongmunga_facility,경기도안산시 단원구화랑로 387(고잔동),,
mmg_3063,안산시 어촌민속박물관,myeongmunga_facility,경기도안산시 단원구대부황금로 7(선감동),37.19248,126.646167
mmg_3061,안산시 올림픽기념국민생활관,myeongmunga_facility,,,
mmg_3060,안산시 체육시설,myeongmunga_facility,,,
mmg_1422,안성병원,myeongmunga_facility,경기도안성시남파로 95(당왕동),37.015083,127.257653
mmg_2551,안성성모병원,myeongmunga_facility,경기도안성시시장길 58(서인동),37.0062179,127.2710329
mmg_2645,안성시 공영주차장,myeongmunga_facility,경기도안성시시청길 25(봉산동),37.0078086,127.2799898
mmg_2648,안성시 보건소,myeongmunga_facility,경기도안성시강변로74번길 18- 0(도기동),37.00018,127.2698
mmg_2646,안성시 체육시설,myeongmunga_facility,경기도안성시시청길 25(봉산동),37.0078086,127.2799898
mmg_2647,안성시 평생교육 학습관,myeongmunga_facility,경기도안성시강변남로 36(도기동),37.00094,127.271331
mmg_3190,에이치엠에스 피트니스,myeongmunga_facility,"경기도수원시 권선구호매실로90번길 1164층 (호매실동, 블루테라스)",37.260105,126.962784
mmg_2381,여주시 공영주차장,myeongmunga_facility,경기도여주시세종로 1(홍문동),37.2982165,127.6371708
mmg_2587,여주시 보건소,myeongmunga_facility,경기도여주시여흥로160번길 14(상동),37.294577,127.6403672
mmg_3118,연세대학교용인세브란스병원,myeongmunga_facility,경기도용인시 기흥구동백죽전대로 363(중동),37.271225,127.148325
mmg_3906,영진아이티학원,myeongmunga_facility,"경기도수원시 팔달구정조로 7241203호12층 (중동, 마이온프라자)",37.268064,127.016715
mmg_2887,용인시 체육시설,myeongmunga_facility,경기도용인시 처인구중부대로 1199- 0(삼가동),37.2408414,127.1775117
mmg_3094,용인자연휴양림 주차장,myeongmunga_facility,경기도용인시 처인구모현읍초부로 220(모현읍초부리),37.3148198,127.2676021
mmg_1480,윌스기념병원,myeongmunga_facility,경기도수원시 팔달구경수대로 437(인계동),37.265115,127.025477
mmg_1488,이천병원,myeongmunga_facility,경기도이천시경충대로 2742(관고동),37.282593,127.432815
mmg_2597,이천시 공영주차장,myeongmunga_facility,"경기도이천시서희로 11(중리동, A동)",37.2716884,127.43436
mmg_2884,이천시 보건소,myeongmunga_facility,경기도이천시부악로 36(중리동),37.273251,127.433461
mmg_3084,인천광역시 계양구 공영주차장,myeongmunga_facility,,,
mmg_3085,인천광역시 계양구 체육시설,myeongmunga_facility,,,
mmg_3064,인천광역시 공영주차장,myeongmunga_facility,,,
mmg_3077,인천광역시 남동구 공영주차장,myeongmunga_facility,,,
mmg_3078,인천광역시 남동구 체육시설,myeongmunga_facility,,,
mmg_3065,인천광역시 농기계 임대,myeongmunga_facility,"인천광역시계양구살라리로2번길 33(서운동, 인천광역시농업기술센터)",,
mmg_3090,인천광역시 동구 공영주차장,myeongmunga_facility,,,
mmg_3531,인천광역시 동구 보건소,myeongmunga_facility,,,
mmg_3532,인천광역시 동구 체육시설,myeongmunga_facility,,,
mmg_2307,인천광역시 미추홀구 공영주차장,myeongmunga_facility,,,
mmg_2310,인천광역시 미추홀구 국민체육센터,myeongmunga_facility,인천광역시미추홀구경인로51번길 21(숭의동),,
mmg_2309,인천광역시 미추홀구 보건소,myeongmunga_facility,,,
mmg_2308,인천광역시 미추홀구 주민자치센터,myeongmunga_facility,,,
mmg_3039,인천광역시 미추홀구 체육시설,myeongmunga_facility,,,
mmg_3088,인천광역시 부평구 공영주차장,myeongmunga_facility,,,
mmg_3087,인천광역시 부평구 보건소,myeongmunga_facility,,,
mmg_3089,인천광역시 부평구 체육시설,myeongmunga_facility,,,
mmg_3055,인천광역시 서구 공영주차장,myeongmunga_facility,,,
mmg_3067,인천광역시 시립체육시설,myeongmunga_facility,,,
mmg_3071,인천광역시 연수구 공영주차장,myeongmunga_facility,,,
mmg_3072,인천광역시 연수구 체육시설,myeongmunga_facility,,,
mmg_3073,인천광역시 연수구 평생교육,myeongmunga_facility,,,
mmg_3079,인천광역시 중구 공영주차장,myeongmunga_facility,,,
mmg_3082,인천광역시 중구 문화관광시설,myeongmunga_facility,,,
mmg_3080,인천광역시 중구 문화회관,myeongmunga_facility,,,
mmg_3081,인천광역시 중구 박물관,myeongmunga_facility,,,
mmg_3083,인천광역시 중구 체육시설,myeongmunga_facility,,,
mmg_3068,인천광역시 청사 부설주차장,myeongmunga_facility,,,
mmg_3069,인천광역시 청소년시설,myeongmunga_facility,"인천광역시남동구장수로 42(장수동, 인천광역시 청소년수련관)",,
mmg_2456,장안통닭,myeongmunga_facility,경기도수원시 팔달구팔달문로3번길 42(남수동),37.279388,127.017851
mmg_3620,주현욱한의원,myeongmunga_facility,경기도평택시서동대로 3867- 1102호(용이동),36.9939354,127.1368582
mmg_3904,중앙컴퓨터전산회계학원,myeongmunga_facility,"경기도광주시중앙로145번길 23(경안동, 용궁빌딩)",37.412435,127.254728
mmg_2453,진미통닭,myeongmunga_facility,경기도수원시 팔달구정조로800번길 21(남수동),37.2796585,127.0181226
mmg_3106,커피놀이터,myeongmunga_facility,인천광역시미추홀구한나루로 353- 12층 (학익동),,
mmg_2813,킹콩치과 오산점,myeongmunga_facility,경기도오산시경기대로 1894층 (원동),37.1417666,127.0730321
mmg_2388,평택시 공영주차장,myeongmunga_facility,경기도평택시경기대로 245(비전동),36.992329,127.112695
mmg_2596,평택시 보건소,myeongmunga_facility,경기도평택시평택5로 56(합정동),36.990855,127.111859
mmg_2390,평택시 시립예술단 공연,myeongmunga_facility,경기도평택시중앙로 277(비전동),36.992329,127.112695
mmg_3092,평택시청과 그 소속기관의 부설주차장,myeongmunga_facility,경기도평택시경기대로 245(비전동),36.991794,127.112828
mmg_4082,푸라닭 용인역북점,myeongmunga_facility,"경기도용인시 처인구금학로235번길 261층 (역북동, 선봉레스텔)",37.2409298,127.1905233
mmg_2764,한국건강관리협회경기도지부,myeongmunga_facility,경기도수원시 장안구경수대로 857(조원동),37.2971266,127.0135595
mmg_2181,한국민속촌,myeongmunga_facility,경기도용인시 기흥구민속촌로 90(보라동),37.25999,127.120555
mmg_1661,해인의료재단 강화병원,myeongmunga_facility,인천광역시강화군강화읍강화대로312번길 11(강화읍갑곳리),37.742394,126.495984
mmg_3093,화성시 공영주차장,myeongmunga_facility,경기도화성시 만세구남양읍시청로 159(남양읍남양리),37.199327,126.831272
mmg_1685,힐정형외과,myeongmunga_facility,경기도수원시 권선구동수원로242번길 6(권선동),37.250901,127.034981
mmg_3339,가평군 가평리틀야구장,myeongmunga_facility,경기도가평군가평읍문화로 131- 0(가평읍대곡리),37.825079,127.507328
mmg_2339,가평군 가평보납정,myeongmunga_facility,경기도가평군가평읍문화로 131- 0(가평읍대곡리),37.825515,127.50323
mmg_2344,가평군 가평사계절썰매장,myeongmunga_facility,경기도가평군상면깃대봉길 5- 20(상면덕현리),37.755646,127.402483
mmg_2340,가평군 가평생활체육공원,myeongmunga_facility,경기도가평군가평읍문화로 131- 0(가평읍대곡리),37.825292,127.506838
mmg_2338,가평군 가평야구장,myeongmunga_facility,경기도가평군가평읍문화로 131(가평읍대곡리),37.825292,127.506222
mmg_2331,가평군 가평종합운동장,myeongmunga_facility,경기도가평군가평읍문화로 131(가평읍대곡리),37.825552,127.506953
mmg_2332,가평군 가평체육관,myeongmunga_facility,경기도가평군가평읍문화로 131(가평읍대곡리),37.825552,127.506953
mmg_2334,가평군 가평테니스장,myeongmunga_facility,경기도가평군가평읍문화로 131(가평읍대곡리),37.831366,127.509831
mmg_2337,가평군 가평파크골프장,myeongmunga_facility,,37.692006,127.384571
mmg_2346,가평군 공영주차장,myeongmunga_facility,,,
mmg_2347,가평군 보건소,myeongmunga_facility,"경기도가평군가평읍가화로 155(가평읍읍내리, 18)",37.833634,127.510759
mmg_2349,가평군 산장관광지,myeongmunga_facility,,,
mmg_2342,가평군 상면생활체육공원,myeongmunga_facility,경기도가평군상면비룡로 2253- 0(상면연하리),37.804081,127.348996
mmg_3341,가평군 상면파크골프장,myeongmunga_facility,경기도가평군상면비룡로 2253- 0(상면연하리),37.804037,127.348911
mmg_2341,가평군 설악생활체육공원,myeongmunga_facility,경기도가평군설악면자잠로 53- 88(설악면선촌리),37.684786,127.490578
mmg_2335,가평군 설악야구장,myeongmunga_facility,경기도가평군설악면유명로 1691- 14(설악면선촌리),37.676836,127.483152
mmg_2336,가평군 조종국민체육센터,myeongmunga_facility,경기도가평군조종면조종희망로 26- 16(조종면현리),37.818507,127.352015
mmg_2343,가평군 조종생활체육공원,myeongmunga_facility,경기도가평군조종면조종희망로26번길 16- 0(조종면현리),37.818169,127.352442
mmg_2525,가평군 주민자치센터,myeongmunga_facility,,,
mmg_2877,가평군 청평생활체육공원,myeongmunga_facility,경기도가평군청평면경춘로 884- 41(청평면청평리),37.741114,127.42635
mmg_3340,가평군 청평호반문화체육센터,myeongmunga_facility,경기도가평군청평면은고개로 39(청평면청평리),37.740216,127.425026
mmg_3334,가평군 칼봉산자연휴양림,myeongmunga_facility,,37.837308,127.465005
mmg_3342,가평군 하천리생활체육공원,myeongmunga_facility,경기도가평군청평면마지기길 35- 145(청평면하천리),37.75412,127.436034
mmg_2333,가평군 한석봉체육관,myeongmunga_facility,경기도가평군가평읍문화로 153(가평읍대곡리),37.823947,127.506838
mmg_3721,갈매멀티스포츠센터,myeongmunga_facility,경기도구리시갈매중앙로 62- 0(갈매동),,
mmg_3994,검배체육문화센터,myeongmunga_facility,경기도구리시왕숙천로 253(수택동),,
mmg_3746,경기북부간호학원,myeongmunga_facility,"경기도의정부시태평로 128(의정부동, 4층)",,
mmg_2394,고양시 공영주차장,myeongmunga_facility,,,
mmg_4047,고양시 일산동구 보건소,myeongmunga_facility,경기도고양시 일산동구중앙로 1100(백석동),,
mmg_1076,광릉,myeongmunga_facility,경기도남양주시진접읍광릉수목원로 354(진접읍부평리),37.752238,127.177195
mmg_3723,구리시 수변공원,myeongmunga_facility,,,
mmg_2395,구리시 주민자치센터,myeongmunga_facility,,,
mmg_3722,구리시민운동장,myeongmunga_facility,,,
mmg_1091,국립수목원,myeongmunga_facility,경기도포천시소흘읍광릉수목원로 415(소흘읍직동리),37.752129,127.16346
mmg_3753,김재우한의원,myeongmunga_facility,"경기도의정부시시민로 146(의정부동, 1층)",,
mmg_3997,남양주시 공공체육시설,myeongmunga_facility,,,
mmg_2373,남양주시 공영주차장,myeongmunga_facility,,,
mmg_2375,남양주시 주민자치센터,myeongmunga_facility,,,
mmg_3029,동두천시 공공체육시설,myeongmunga_facility,경기도동두천시어등로 45(생연동),,
mmg_3025,동두천시 공영주차장,myeongmunga_facility,"경기도동두천시방죽로 23(생연동, 동두천시청 교통행정과)",,
mmg_3028,동두천시 보건소,myeongmunga_facility,경기도동두천시중앙로 167(생연동),37.89675,127.051794
mmg_3337,동두천시 장사시설,myeongmunga_facility,,,
mmg_3026,동두천시 주민자치센터,myeongmunga_facility,,,
mmg_3027,동두천시 평생학습관,myeongmunga_facility,경기도동두천시중앙로 110- 18(지행동),37.890932,127.053171
mmg_3685,로체스터병원,myeongmunga_facility,경기도의정부시호국로1519번길 2- 29(금오동),37.754006,127.071028
mmg_1288,메가박스(양주),myeongmunga_facility,경기도양주시고읍남로 6- 6(광사동),37.796156,127.080102
mmg_3719,북면국민체육센터,myeongmunga_facility,경기도가평군북면가화로 999- 0(북면목동리),,
mmg_3720,북면생활체육공원,myeongmunga_facility,경기도가평군북면가화로 999- 0(북면목동리),,
mmg_3752,블루힐요양병원,myeongmunga_facility,경기도의정부시입석로70번길 66(녹양동),,
mmg_1342,산음휴양림,myeongmunga_facility,경기도양평군단월면고북길 347(단월면산음리),37.59691,127.571737
mmg_3718,상면국민체육센터,myeongmunga_facility,경기도가평군상면비룡로 2253- 0(상면연하리),,
mmg_2011,서전 안경원,myeongmunga_facility,경기도의정부시비우로 104(녹양동),37.758216,127.038374
mmg_3716,설악국민체육센터,myeongmunga_facility,경기도가평군설악면신선봉로 78(설악면선촌리),,
mmg_3725,설악반다비문화체육센터,myeongmunga_facility,경기도가평군설악면자잠로 80(설악면선촌리),,
mmg_3748,성베드로병원,myeongmunga_facility,경기도의정부시평화로 622(의정부동),,
mmg_1137,소노휴 양평,myeongmunga_facility,경기도양평군개군면신내길7번길 55(개군면공세리),37.469017,127.532862
mmg_2736,아세안자연휴양림,myeongmunga_facility,경기도양주시백석읍기산로 472(백석읍기산리),37.773859,126.9942243
mmg_2873,양주시 고덕생활체육공원,myeongmunga_facility,경기도양주시고덕로 187- 55(덕계동),37.804651,127.064028
mmg_2874,양주시 고읍축구장,myeongmunga_facility,경기도양주시고읍남로 46(광사동),37.79153,127.076501
mmg_2865,양주시 광적생활체육공원,myeongmunga_facility,경기도양주시광적면부흥로618번길 303(광적면광석리),37.814267,126.970412
mmg_2863,양주시 국민체육센터,myeongmunga_facility,경기도양주시고읍남로 172(광사동),37.788691,127.084008
mmg_2870,양주시 덕정돔구장,myeongmunga_facility,경기도양주시화합로 1457- 188(고암동),37.840666,127.072622
mmg_2871,양주시 덕정탁구장,myeongmunga_facility,경기도양주시고암길 111(고암동),37.832518,127.072184
mmg_2365,양주시 목재문화체험장,myeongmunga_facility,"경기도양주시부흥로1399번길 11(유양동, 47 양주 목재문화체험장)",37.784846,127.030417
mmg_2864,양주시 백석생활체육공원,myeongmunga_facility,경기도양주시백석읍백은로 185(백석읍오산리),37.805898,126.985858
mmg_2363,양주시 보건소,myeongmunga_facility,경기도양주시부흥로 1533(남방동),37.785771,127.04676
mmg_3729,양주시 부설주차장,myeongmunga_facility,,,
mmg_2875,양주시 삼숭생활체육공원,myeongmunga_facility,경기도양주시삼숭로129번길 139- 12(삼숭동),37.802072,127.091754
mmg_2860,양주시 서부권스포츠센터,myeongmunga_facility,경기도양주시광적면부흥로618번길 303(광적면광석리),37.813718,126.970692
mmg_2867,양주시 신천생활체육공원,myeongmunga_facility,경기도양주시은현면강변서로 303(은현면하패리),37.893104,127.044682
mmg_2869,양주시 옥정배수지체육공원,myeongmunga_facility,,37.828343,127.072397
mmg_2868,양주시 옥정생활체육공원,myeongmunga_facility,경기도양주시회천로 281(고암동),37.82906,127.083545
mmg_2862,양주시 옥정호수스포츠센터,myeongmunga_facility,경기도양주시옥정동로7길 110(옥정동),37.823493,127.094871
mmg_2355,양주시 주민자치센터,myeongmunga_facility,,,
mmg_2861,양주시 체육복지센터,myeongmunga_facility,경기도양주시화합로1426번길 90(덕정동),37.838237,127.068132
mmg_2358,양주시 회암사지박물관,myeongmunga_facility,경기도양주시회암사길 11(율정동),37.841058,127.102951
mmg_2872,양주실내체육관,myeongmunga_facility,경기도양주시고삼로43번길 29(삼숭동),37.802176,127.091489
mmg_1429,양주예쓰병원,myeongmunga_facility,경기도양주시회정로 103(덕정동),37.837736,127.064518
mmg_2353,양평군 공설장사시설,myeongmunga_facility,,,
mmg_2351,양평군 공영주차장,myeongmunga_facility,,,
mmg_2352,양평군 보건소,myeongmunga_facility,경기도양평군양평읍마유산로 17(양평읍양근리),37.497437,127.486904
mmg_3808,양평군 주민센터,myeongmunga_facility,,,
mmg_3709,양평군 평생학습센터,myeongmunga_facility,경기도양평군양평읍마유산로 3(양평읍양근리),,
mmg_2878,양평병원,myeongmunga_facility,경기도양평군양평읍중앙로 129(양평읍공흥리),37.493872,127.503478
mmg_1431,양평시네마,myeongmunga_facility,,37.491168,127.48945
mmg_3828,양평아프리카문화예술박물관,myeongmunga_facility,경기도양평군용문면금곡길 40(용문면금곡리),37.507295,127.616312
mmg_3749,연세베스트병원,myeongmunga_facility,"경기도의정부시평화로 389(호원동, 화성빌딩 2층-8층)",,
mmg_3823,영집궁시박물관,myeongmunga_facility,경기도파주시탄현면국원말길 168(탄현면법흥리),37.784813,126.711247
mmg_3879,우리컴퓨터아카데미(지점),myeongmunga_facility,경기도구리시건원대로 36406호(인창동),,
mmg_1467,운악산휴양림,myeongmunga_facility,경기도포천시화현면화동로 184(화현면화현리),37.883389,127.306365
mmg_1481,유명산휴양림,myeongmunga_facility,경기도가평군설악면유명산길 79- 53(설악면가일리),37.592639,127.491136
mmg_3745,의정부간호학원,myeongmunga_facility,"경기도의정부시시민로 125(의정부동, 5층)",,
mmg_3751,의정부모커리한방병원,myeongmunga_facility,"경기도의정부시동일로 713(금오동, 을지타워 4층)",,
mmg_2379,의정부시 공영주차장,myeongmunga_facility,,,
mmg_2392,의정부시 주민자체센터,myeongmunga_facility,,,
mmg_2832,의정부을지대학교병원,myeongmunga_facility,"경기도의정부시동일로 712(금오동, 의정부 을지대학교병원)",37.751603,127.050876
mmg_3744,의정부장례식장,myeongmunga_facility,경기도의정부시체육로 113- 18(녹양동),,
mmg_2529,임진강 독개다리 및 BEAT 131,myeongmunga_facility,경기도파주시문산읍임진각로 148- 53(문산읍마정리),37.890326,126.7404053
mmg_2096,조은안과-연천군,myeongmunga_facility,"경기도연천군전곡읍전곡로 175(전곡읍전곡리, 동아빌딩 2층)",38.027429,127.067077
mmg_3726,조종반다비문화체육센터,myeongmunga_facility,경기도가평군조종면조종희망로26번길 13(조종면현리),,
mmg_1550,중미산휴양림,myeongmunga_facility,경기도양평군옥천면중미산로 1152(옥천면신복리),37.582913,127.452537
mmg_3743,청담i치과,myeongmunga_facility,"경기도의정부시신흥로240번길 21(의정부동, 가연타워 3층, 4층)",,
mmg_3717,청평국민체육센터,myeongmunga_facility,경기도가평군청평면경춘로 884- 41(청평면청평리),,
mmg_1608,파주병원,myeongmunga_facility,경기도파주시중앙로 207(금촌동),37.754555,126.779697
mmg_3993,파주시 보건소,myeongmunga_facility,경기도파주시후곡로 13(금촌동),,
mmg_3125,파주시공영주차장,myeongmunga_facility,,,
mmg_3126,파주시체육시설,myeongmunga_facility,,,
mmg_3791,파주임진각평화곤돌라,myeongmunga_facility,경기도파주시문산읍임진각로 148- 73(문산읍마정리),37.891683,126.740406
mmg_1613,포천병원,myeongmunga_facility,경기도포천시신북면포천로 1846(신북면가채리),37.903164,127.198123
mmg_3335,포천시 공영주차장,myeongmunga_facility,,,
mmg_3824,한향림도자미술관,myeongmunga_facility,경기도파주시탄현면헤이리마을길 82- 37(탄현면법흥리),37.788889,126.701125
mmg_3825,한향림옹기박물관,myeongmunga_facility,경기도파주시탄현면헤이리마을길 96- 43(탄현면법흥리),37.789911,126.700917
mmg_2601,허브아일랜드,myeongmunga_facility,경기도포천시신북면청신로947번길 51(신북면덕둔리),37.965555,127.131737
mmg_3857,강릉 바다내음 캠핑장,myeongmunga_facility,강원특별자치도강릉시강동면율곡로 1616(강동면안인진리),,
mmg_1037,강릉 아나병원,myeongmunga_facility,강원특별자치도강릉시용지로 129(옥천동),37.760292,128.902772
mmg_2258,강릉선교장,myeongmunga_facility,강원특별자치도강릉시운정길 63(운정동),37.786867,128.884946
mmg_4030,강릉시 가족센터,myeongmunga_facility,강원특별자치도강릉시입암로92번길 30- 16(입암동),,
mmg_2286,강릉시 공영주차장,myeongmunga_facility,,,
mmg_3855,강릉시 시립박물관 및 대관령박물관,myeongmunga_facility,강원특별자치도강릉시율곡로3139번길 24(죽헌동),,
mmg_3858,강릉시 체육시설,myeongmunga_facility,,,
mmg_3854,강릉시 평생학습관,myeongmunga_facility,강원특별자치도강릉시강릉대로 454(포남동),,
mmg_3838,강릉아산병원,myeongmunga_facility,강원특별자치도강릉시사천면방동길 38(사천면방동리),,
mmg_2186,강릉오죽헌,myeongmunga_facility,강원특별자치도강릉시율곡로3139번길 24(죽헌동),37.779433,128.87814
mmg_1039,강릉원주대학교 치과병원,myeongmunga_facility,강원특별자치도강릉시죽헌길 7(지변동),37.765185,128.869441
mmg_1040,강릉율곡병원,myeongmunga_facility,강원특별자치도강릉시동해대로3304번길 11(난곡동),37.786452,128.873969
mmg_1041,강릉의료원,myeongmunga_facility,강원특별자치도강릉시경강로 2007(남문동),37.749326,128.888779
mmg_1055,검봉산휴양림,myeongmunga_facility,강원특별자치도삼척시원덕읍임원안길 525- 145(원덕읍임원리),37.240812,129.286978
mmg_3146,고성 통일전망대,myeongmunga_facility,강원특별자치도고성군현내면금강산로 481(현내면마차진리),38.586796,128.374862
mmg_3619,광동한의원,myeongmunga_facility,강원특별자치도속초시동해대로 3929(조양동),38.1856406,128.6008397
mmg_3315,근로복지공단 태백병원,myeongmunga_facility,강원특별자치도태백시보드미길 8(장성동),37.104073,129.0042591
mmg_3354,금호설악리조트,myeongmunga_facility,강원특별자치도속초시사당골길 43(노학동),38.181767,128.549493
mmg_1123,대관령휴양림,myeongmunga_facility,강원특별자치도강릉시성산면삼포암길 133(성산면어흘리),37.712824,128.788178
mmg_1129,대금굴,myeongmunga_facility,강원특별자치도삼척시신기면환선로 800(신기면대이리),37.322964,129.018501
mmg_1264,동해동인병원,myeongmunga_facility,강원특별자치도동해시하평로 26(평릉동),37.530024,129.107375
mmg_4024,동해시 주차장,myeongmunga_facility,,,
mmg_1302,미천골휴양림,myeongmunga_facility,강원특별자치도양양군서면미천골길 115(서면서림리),37.948075,128.511898
mmg_4025,삼척시 주차장,myeongmunga_facility,강원특별자치도삼척시성당길 91(당저동),,
mmg_1349,삼척의료원,myeongmunga_facility,강원특별자치도삼척시오십천로 418(남양동),37.440286,129.163651
mmg_1373,설악썬밸리 리조트,myeongmunga_facility,강원특별자치도고성군죽왕면순포로 188(죽왕면삼포리),38.315583,128.506687
mmg_1135,"소노문 델피노, 소노캄 델피노",myeongmunga_facility,강원특별자치도고성군토성면미시령옛길 1153(토성면원암리),38.212011,128.494094
mmg_4029,속초국민체육센터,myeongmunga_facility,,,
mmg_4027,속초시 공공청사 부설주차장,myeongmunga_facility,,,
mmg_4020,속초시 보건소,myeongmunga_facility,강원특별자치도속초시수복로 36(교동),,
mmg_4021,속초시 장사시설,myeongmunga_facility,,,
mmg_4022,속초시 평생교육문화센터,myeongmunga_facility,강원특별자치도속초시수복로 46(교동),,
mmg_1136,쏠비치 양양,myeongmunga_facility,강원특별자치도양양군손양면선사유적로 678(손양면오산리),38.087918,128.665748
mmg_4033,애니멀스토리,myeongmunga_facility,강원특별자치도강릉시남부로163번길 14(노암동),,
mmg_3860,양양군 공설묘지,myeongmunga_facility,강원특별자치도양양군서면남대천로 251- 123(서면용천리),,
mmg_3863,양양군 문화복지시설,myeongmunga_facility,,,
mmg_3862,양양군 보건소,myeongmunga_facility,,,
mmg_3859,양양군 주민자치센터,myeongmunga_facility,,,
mmg_3861,양양군 주차장,myeongmunga_facility,,,
mmg_3864,양양군 체육시설,myeongmunga_facility,,,
mmg_4023,양양군 평생학습관,myeongmunga_facility,강원특별자치도양양군양양읍안산1길 36(양양읍월리),,
mmg_3856,연곡해변 솔향기캠핑장,myeongmunga_facility,강원특별자치도강릉시연곡면해안로 1282(연곡면동덕리),,
mmg_2676,오아시스스포츠,myeongmunga_facility,강원특별자치도강릉시솔올로5번길 53(교동),37.764068,128.877309
mmg_2405,정동심곡 바다부채길,myeongmunga_facility,강원특별자치도강릉시강동면헌화로 950- 39(강동면정동진리),37.682084,129.045665
mmg_2292,태백고생대자연사박물관,myeongmunga_facility,"강원특별자치도태백시태백로 2249(동점동, 태백고생대자연사박물관)",37.094998,129.039456
mmg_2293,태백국민체육센터,myeongmunga_facility,"강원특별자치도태백시장성1길 175- 1(장성동, 태백국민체육센터)",37.162995,128.985324
mmg_4026,태백시 관광시설,myeongmunga_facility,,,
mmg_4028,태백시 농기계 임대사업소,myeongmunga_facility,,,
mmg_2298,태백시 보건소,myeongmunga_facility,강원특별자치도태백시태백로 905(황지동),37.176852,128.992269
mmg_2291,태백시 용연동굴,myeongmunga_facility,"강원특별자치도태백시태백로 283- 29(화전동, 용연동굴)",37.21069,128.938339
mmg_2290,태백시 장사시설,myeongmunga_facility,"강원특별자치도태백시백두대간로 844(창죽동, 태백공원묘원화장장)",,
mmg_2288,태백시 종합실버복지타운,myeongmunga_facility,"강원특별자치도태백시황장목이길 23(문곡동, 태백시 종합실버복지타운)",37.131037,129.003358
mmg_2287,태백시 주민자치센터,myeongmunga_facility,,,
mmg_2297,태백시 주차장,myeongmunga_facility,,,
mmg_2296,태백시 체육시설,myeongmunga_facility,,,
mmg_2513,태백시 평생학습관,myeongmunga_facility,"강원특별자치도태백시태백로 1239(황지동, 태백시 평생학습관)",37.149214,128.995197
mmg_2301,태백체험공원,myeongmunga_facility,"강원특별자치도태백시소도길 9- 11(소도동, 태백체험공원)",37.133728,128.97254
mmg_3540,하슬라아트월드,myeongmunga_facility,강원특별자치도강릉시강동면율곡로 1441(강동면정동진리),37.7061537,129.0116861
mmg_3167,한국안전체험관,myeongmunga_facility,강원특별자치도태백시평화길 15(장성동),37.100757,129.023757
mmg_1676,환선굴,myeongmunga_facility,강원특별자치도삼척시신기면환선로 800(신기면대이리),37.325143,129.017194
